dup_id	n_cohorts	cohort	analyzed_sample_id
DUP00001	3	GVEX	2014-2194
DUP00001	3	Mayo	11465
DUP00001	3	NABEC	SH-05-16
DUP00002	3	GVEX	2015-1339
DUP00002	3	Mayo	11340
DUP00002	3	NABEC	SH-07-46
DUP00003	3	GVEX	2015-248
DUP00003	3	Mayo	11485
DUP00003	3	NABEC	SH-08-23
DUP00004	3	GVEX	2015-287
DUP00004	3	Mayo	11389
DUP00004	3	NABEC	SH-97-14
DUP00005	3	GVEX	2015-351
DUP00005	3	Mayo	11474
DUP00005	3	NABEC	SH-98-32
DUP00006	3	GVEX	2015-353
DUP00006	3	Mayo	11476
DUP00006	3	NABEC	SH-05-36
DUP00007	3	GVEX	2015-511
DUP00007	3	Mayo	11400
DUP00007	3	NABEC	SH-97-37
DUP00008	3	GVEX	2015-770
DUP00008	3	Mayo	11288
DUP00008	3	NABEC	SH-04-05
DUP00009	3	GVEX	2015-901
DUP00009	3	Mayo	11431
DUP00009	3	NABEC	SH-00-34
DUP00010	3	GVEX	2015-918
DUP00010	3	Mayo	11341
DUP00010	3	NABEC	SH-00-49
DUP00011	3	GVEX	2015-923
DUP00011	3	Mayo	11395
DUP00011	3	NABEC	SH-98-23
DUP00012	2	AMP_AD_Mayo	11387_DLPFC_WGS
DUP00012	2	GVEX	2015-739
DUP00013	2	AMP_AD_Mayo	29550_DLPFC_WGS
DUP00013	2	GVEX	2015-1554
DUP00014	2	AMP_AD_Rush	R1787342
DUP00014	2	ROSMAP_array	MAP79692387
DUP00015	2	AMP_AD_Rush	R2573360
DUP00015	2	ROSMAP	SM-CTEGK
DUP00016	2	AMP_AD_Rush	R2795633
DUP00016	2	ROSMAP_array	MAP37065652
DUP00017	2	AMP_AD_Rush	R4689636
DUP00017	2	ROSMAP_array	ROS10288185
DUP00018	2	AMP_AD_Rush	R5009796
DUP00018	2	ROSMAP_array	ROS21246218
DUP00019	2	AMP_AD_Rush	R6162454
DUP00019	2	ROSMAP_array	ROS20886846
DUP00020	2	AMP_AD_Rush	R7298955
DUP00020	2	ROSMAP_array	MAP87038802
DUP00021	2	CMC_MSSM	0_MSSM_102
DUP00021	2	MSBB	71775
DUP00022	2	CMC_MSSM	0_MSSM_116
DUP00022	2	MSBB	71689
DUP00023	2	CMC_MSSM	0_MSSM_118
DUP00023	2	MSBB	68682
DUP00024	2	CMC_MSSM	0_MSSM_120
DUP00024	2	MSBB	71954
DUP00025	2	CMC_MSSM	0_MSSM_123
DUP00025	2	MSBB	71946
DUP00026	2	CMC_MSSM	0_MSSM_125
DUP00026	2	MSBB	71927
DUP00027	2	CMC_MSSM	0_MSSM_134
DUP00027	2	MSBB	71887
DUP00028	2	CMC_MSSM	0_MSSM_135
DUP00028	2	MSBB	71893
DUP00029	2	CMC_MSSM	0_MSSM_148
DUP00029	2	MSBB	71981
DUP00030	2	CMC_MSSM	0_MSSM_16
DUP00030	2	MSBB	71855
DUP00031	2	CMC_MSSM	0_MSSM_160
DUP00031	2	MSBB	68428
DUP00032	2	CMC_MSSM	0_MSSM_168
DUP00032	2	MSBB	71955
DUP00033	2	CMC_MSSM	0_MSSM_172
DUP00033	2	MSBB	71704
DUP00034	2	CMC_MSSM	0_MSSM_174
DUP00034	2	MSBB	71706
DUP00035	2	CMC_MSSM	0_MSSM_175
DUP00035	2	MSBB	71701
DUP00036	2	CMC_MSSM	0_MSSM_176
DUP00036	2	MSBB	71917
DUP00037	2	CMC_MSSM	0_MSSM_187
DUP00037	2	MSBB	71940
DUP00038	2	CMC_MSSM	0_MSSM_20
DUP00038	2	MSBB	71739
DUP00039	2	CMC_MSSM	0_MSSM_212
DUP00039	2	MSBB	71673
DUP00040	2	CMC_MSSM	0_MSSM_233
DUP00040	2	MSBB	71980
DUP00041	2	CMC_MSSM	0_MSSM_234
DUP00041	2	MSBB	70460
DUP00042	2	CMC_MSSM	0_MSSM_238
DUP00042	2	MSBB	71972
DUP00043	2	CMC_MSSM	0_MSSM_241
DUP00043	2	MSBB	71961
DUP00044	2	CMC_MSSM	0_MSSM_242
DUP00044	2	MSBB	68420
DUP00045	2	CMC_MSSM	0_MSSM_243
DUP00045	2	MSBB	71768
DUP00046	2	CMC_MSSM	0_MSSM_248
DUP00046	2	MSBB	71987
DUP00047	2	CMC_MSSM	0_MSSM_26
DUP00047	2	MSBB	71716
DUP00048	2	CMC_MSSM	0_MSSM_288
DUP00048	2	MSBB	71760
DUP00049	2	CMC_MSSM	0_MSSM_299
DUP00049	2	MSBB	71852
DUP00050	2	CMC_MSSM	0_MSSM_300
DUP00050	2	MSBB	68624
DUP00051	2	CMC_MSSM	0_MSSM_311
DUP00051	2	MSBB	71882
DUP00052	2	CMC_MSSM	0_MSSM_34
DUP00052	2	MSBB	71814
DUP00053	2	CMC_MSSM	0_MSSM_36
DUP00053	2	MSBB	71831
DUP00054	2	CMC_MSSM	0_MSSM_62
DUP00054	2	MSBB	71960
DUP00055	2	CMC_MSSM	0_MSSM_63
DUP00055	2	MSBB	71942
DUP00056	2	CMC_MSSM	0_MSSM_79
DUP00056	2	MSBB	71787
DUP00057	2	CMC_MSSM	0_MSSM_9
DUP00057	2	MSBB	71891
DUP00058	2	CMC_MSSM	0_MSSM_BP_15
DUP00058	2	MSBB	71976
DUP00059	2	GVEX	2014-2197
DUP00059	2	NABEC	SH-07-28
DUP00060	2	GVEX	2014-2198
DUP00060	2	Mayo	11266
DUP00061	2	GVEX	2015-1334
DUP00061	2	Mayo	11328
DUP00062	2	GVEX	2015-1335
DUP00062	2	NABEC	SH-06-25
DUP00063	2	GVEX	2015-1336
DUP00063	2	NABEC	SH-07-63
DUP00064	2	GVEX	2015-1338
DUP00064	2	Mayo	11423
DUP00065	2	GVEX	2015-1399
DUP00065	2	NABEC	SH-95-21
DUP00066	2	GVEX	2015-1400
DUP00066	2	NABEC	SH-96-30
DUP00067	2	GVEX	2015-1401
DUP00067	2	NABEC	SH-08-44
DUP00068	2	GVEX	2015-1402
DUP00068	2	Mayo	11399
DUP00069	2	GVEX	2015-1404
DUP00069	2	NABEC	SH-97-53
DUP00070	2	GVEX	2015-1405
DUP00070	2	Mayo	11481
DUP00071	2	GVEX	2015-1406
DUP00071	2	Mayo	11422
DUP00072	2	GVEX	2015-1426
DUP00072	2	Mayo	11345
DUP00073	2	GVEX	2015-1432
DUP00073	2	Mayo	11397
DUP00074	2	GVEX	2015-1434
DUP00074	2	NABEC	SH-96-38
DUP00075	2	GVEX	2015-1445
DUP00075	2	NABEC	SH-01-37
DUP00076	2	GVEX	2015-1446
DUP00076	2	NABEC	SH-03-17
DUP00077	2	GVEX	2015-1448
DUP00077	2	Mayo	11427
DUP00078	2	GVEX	2015-1454
DUP00078	2	GVEX	2015-520
DUP00078	2	Mayo	11338
DUP00079	2	GVEX	2015-1468
DUP00079	2	NABEC	SH-99-54
DUP00080	2	GVEX	2015-1469
DUP00080	2	Mayo	11396
DUP00081	2	GVEX	2015-1471
DUP00081	2	NABEC	SH-02-08
DUP00082	2	GVEX	2015-1473
DUP00082	2	Mayo	11480
DUP00083	2	GVEX	2015-1478
DUP00083	2	NABEC	SH-96-08
DUP00084	2	GVEX	2015-1504
DUP00084	2	NABEC	SH-92-05
DUP00085	2	GVEX	2015-1505
DUP00085	2	Mayo	11325
DUP00086	2	GVEX	2015-1506
DUP00086	2	NABEC	SH-94-35
DUP00087	2	GVEX	2015-1509
DUP00087	2	Mayo	11346
DUP00088	2	GVEX	2015-1513
DUP00088	2	NABEC	SH-96-39
DUP00089	2	GVEX	2015-1537
DUP00089	2	GVEX	2015-281
DUP00089	2	Mayo	11294
DUP00090	2	GVEX	2015-1538
DUP00090	2	NABEC	SH-96-32
DUP00091	2	GVEX	2015-1539
DUP00091	2	GVEX	2015-1540
DUP00091	2	NABEC	SH-95-34
DUP00092	2	GVEX	2015-1553
DUP00092	2	Mayo	11320
DUP00093	2	GVEX	2015-1555
DUP00093	2	Mayo	11337
DUP00094	2	GVEX	2015-244
DUP00094	2	Mayo	11464
DUP00095	2	GVEX	2015-245
DUP00095	2	NABEC	SH-99-02
DUP00096	2	GVEX	2015-249
DUP00096	2	Mayo	11483
DUP00097	2	GVEX	2015-250
DUP00097	2	NABEC	SH-99-31
DUP00098	2	GVEX	2015-282
DUP00098	2	NABEC	SH-92-14
DUP00099	2	GVEX	2015-286
DUP00099	2	Mayo	11385
DUP00100	2	GVEX	2015-354
DUP00100	2	NABEC	SH-96-35
DUP00101	2	GVEX	2015-355
DUP00101	2	NABEC	SH-97-09
DUP00102	2	GVEX	2015-479
DUP00102	2	NABEC	SH-97-19
DUP00103	2	GVEX	2015-482
DUP00103	2	Mayo	11393
DUP00104	2	GVEX	2015-509
DUP00104	2	Mayo	11264
DUP00105	2	GVEX	2015-515
DUP00105	2	Mayo	11472
DUP00106	2	GVEX	2015-736
DUP00106	2	NABEC	SH-95-02
DUP00107	2	GVEX	2015-740
DUP00107	2	Mayo	11469
DUP00108	2	GVEX	2015-768
DUP00108	2	Mayo	11482
DUP00109	2	GVEX	2015-769
DUP00109	2	Mayo	11313
DUP00110	2	GVEX	2015-771
DUP00110	2	Mayo	11312
DUP00111	2	GVEX	2015-773
DUP00111	2	Mayo	11426
DUP00112	2	GVEX	2015-774
DUP00112	2	NABEC	SH-06-66
DUP00113	2	GVEX	2015-802
DUP00113	2	Mayo	11323
DUP00114	2	GVEX	2015-805
DUP00114	2	Mayo	11333
DUP00115	2	GVEX	2015-806
DUP00115	2	Mayo	11471
DUP00116	2	GVEX	2015-807
DUP00116	2	NABEC	SH-05-10
DUP00117	2	GVEX	2015-809
DUP00117	2	NABEC	SH-04-21
DUP00118	2	GVEX	2015-810
DUP00118	2	Mayo	11319
DUP00119	2	GVEX	2015-812
DUP00119	2	Mayo	11290
DUP00120	2	GVEX	2015-917
DUP00120	2	NABEC	SH-00-38
DUP00121	2	GVEX	2015-924
DUP00121	2	Mayo	11334
DUP00122	2	GVEX	2015-925
DUP00122	2	Mayo	11424
DUP00123	2	Mayo	11314
DUP00123	2	NABEC	SH-06-05
DUP00124	2	Mayo	11417
DUP00124	2	NABEC	SH-03-15
DUP00125	2	Mayo	11430
DUP00125	2	NABEC	SH-07-37
DUP00126	2	Mayo	11470
DUP00126	2	NABEC	SH-04-08
DUP00127	2	NABEC	UMARY-1078
DUP00127	2	NIMH_HBCC_h650	0_4031091017_A
DUP00128	2	NABEC	UMARY-1158
DUP00128	2	NIMH_HBCC_h650	0_4031091059_A
DUP00129	2	NABEC	UMARY-1322
DUP00129	2	NIMH_HBCC_1M	0_4572348476_R01C02
DUP00130	2	NABEC	UMARY-1323
DUP00130	2	NIMH_HBCC_1M	0_4463344242_R01C01
DUP00131	2	NABEC	UMARY-165
DUP00131	2	NIMH_HBCC_h650	0_4256126104_A
DUP00132	2	NABEC	UMARY-4638
DUP00132	2	NIMH_HBCC_h650	0_4256126134_A
DUP00133	2	NABEC	UMARY-4724
DUP00133	2	NIMH_HBCC_1M	0_4463344638_R01C01
DUP00134	2	NABEC	UMARY-4782
DUP00134	2	NIMH_HBCC_h650	0_4256126182_A
