pipeline	label	beta	se	p
his	Sst_19	-0.1356	0.0207	5.17e-11
his	Sst_11	-0.127	0.0204	5e-10
his	Sst_25	-0.1252	0.0208	1.63e-09
his	Sst_23	-0.1132	0.0205	3.62e-08
his	Sst_20	-0.1126	0.0205	3.76e-08
his	Sst_3	-0.1075	0.0209	2.87e-07
his	Sst_12	-0.0883	0.0214	3.79e-05
his	Pvalb_14	-0.0806	0.0211	0.000135
his	Lamp5_5	-0.0795	0.0214	0.000198
his	Lamp5_6	-0.0783	0.0213	0.000236
his	Pvalb_16_SEAAD	0.078	0.0214	0.000272
his	Pvalb_5	-0.0766	0.0214	0.000342
his	L2_3_IT_8	0.0724	0.0214	0.00071
his	Vip_15	-0.072	0.0213	0.000742
his	L5_6_NP_6	0.0701	0.0216	0.00116
his	L5_IT_10_SEAAD	0.0686	0.0214	0.00133
his	Sst_Chodl_3_SEAAD	0.0688	0.0215	0.00138
his	Lamp5_Lhx6_2_SEAAD	0.0678	0.0215	0.00161
his	L2_3_IT_10	-0.0596	0.0216	0.0058
his	L5_IT_6	0.0573	0.0215	0.00773
his	L2_3_IT_7	0.0544	0.0215	0.0113
his	L2_3_IT_12	0.0497	0.0211	0.0183
his	Lamp5_3	-0.0444	0.0211	0.0357
his	NeuronGliaRatio	-0.0518	0.0308	0.0928
his	Astro_4	-0.0237	0.0213	0.264
his	OPC_2_1_SEAAD	0.0178	0.0216	0.409
his	Micro_PVM_2_3_SEAAD	0.0151	0.0217	0.485
his	Astro_2	-0.014	0.0216	0.515
his	OPC_2	-0.0126	0.0213	0.555
his	Micro_PVM_2_1_SEAAD	0.0086	0.0216	0.689
his	OPC_2_2_SEAAD	0.0086	0.0217	0.692
his	Astro_6_SEAAD	-0.0083	0.0217	0.701
his	Oligo_5_SEAAD	-0.0065	0.0217	0.767
his	Micro_PVM_2	-0.0028	0.0216	0.898
mine	VIP	-0.0852	0.0222	0.000124
mine	Oligodendrocyte	0.0647	0.0225	0.00406
mine	PAX6	-0.0596	0.0217	0.00614
mine	Microglia	0.0606	0.0221	0.00617
mine	SST	-0.0333	0.0224	0.137
mine	OPC	0.0316	0.022	0.151
mine	PVALB	-0.0304	0.0222	0.171
mine	VLMC	0.0302	0.0223	0.176
mine	LAMP5	-0.0283	0.0222	0.204
mine	L6b	0.0255	0.0227	0.262
mine	Endothelial	0.0201	0.0226	0.374
mine	IT	-0.0121	0.022	0.583
mine	Pericyte	0.0112	0.0219	0.609
mine	L5.6.IT.Car3	0.0103	0.023	0.655
mine	L6.CT	-0.0093	0.0224	0.677
mine	L5.6.NP	-0.009	0.0225	0.688
mine	Astrocyte	0.0058	0.0221	0.794
mine	L5.ET	-0.0023	0.0219	0.916
mine	L4.IT	-1e-04	0.0227	0.998
