pipeline	resolution	label	mgp_trait	r	r_disattenuated	n
mine	broad class	L5.ET	L5.ET	-0.008498700727769388	NA	942
mine	broad class	L6b	L6b	-0.002554266928976623	NA	1299
mine	broad class	L6.CT	L6.CT	0.05139125645536714	NA	1299
mine	broad class	Endothelial	Endothelial	0.0649370156557066	NA	1299
mine	broad class	Pericyte	Pericyte	0.07214760141209736	NA	942
mine	broad class	L5.6.IT.Car3	L5.6.IT.Car3	0.07923132125242699	NA	1299
mine	broad class	L5.6.NP	L5.6.NP	0.09380907387925125	NA	1299
mine	broad class	PAX6	PAX6	0.11159890197646519	NA	1299
mine	broad class	IT	IT	0.13492284401310967	NA	1299
mine	broad class	PVALB	PVALB	0.14873442413853083	NA	1299
mine	broad class	OPC	OPC	0.2338297697130797	NA	1299
mine	broad class	VLMC	VLMC	0.24306565008639683	NA	889
mine	broad class	Astrocyte	Astrocyte	0.2521267361249297	NA	1299
mine	broad class	LAMP5	LAMP5	0.26182868460641995	NA	1299
mine	broad class	Oligodendrocyte	Oligodendrocyte	0.30941743184145515	NA	1299
mine	broad class	VIP	VIP	0.328723231884461	NA	1299
mine	broad class	Microglia	Microglia	0.42259252111719414	NA	1299
mine	broad class	SST	SST	0.4381825455821573	NA	1299
his	supertype	OPC_2_2-SEAAD	OPC	0.7040025181944194	0.9640842363824916	1601
his	supertype	Micro-PVM_2_3-SEAAD	Microglia	0.6493945450892655	0.8785664878053331	1601
his	supertype	Astro_6-SEAAD	Astrocyte	0.6457925300619816	0.8935730266267679	1601
his	supertype	Micro-PVM_2_1-SEAAD	Microglia	0.48649794148242004	0.8721157267319816	1601
his	supertype	Micro-PVM_2	Microglia	0.41555639692999313	0.955538321654954	1601
his	supertype	Sst_23	SST	0.4047217148864931	0.887344027194214	1601
his	supertype	L2_3_IT_10	IT	0.37810227974160665	1.0867187870880013	1601
his	supertype	OPC_2	OPC	0.3733525129625719	0.68051462638577	1601
his	supertype	Sst_Chodl_3-SEAAD	SST	0.3703827482952503	0.9400149429998018	1601
his	supertype	Oligo_5-SEAAD	Oligodendrocyte	0.36465061631357015	1.0068068992437718	1601
his	supertype	L5_IT_10-SEAAD	IT	0.35999730686143594	1.0659953518129344	1601
his	supertype	Pvalb_16-SEAAD	PVALB	0.35046961338785493	1.1315103079481186	1601
his	supertype	Sst_3	SST	0.33657685190762293	1.0438825099849767	1601
his	supertype	Sst_25	SST	0.33134722196368965	0.8847348550002206	1601
his	supertype	Lamp5_Lhx6_2-SEAAD	LAMP5	0.30459350087859055	0.916307026172356	1601
his	supertype	Sst_11	SST	0.3042860997336929	1.1512704873370243	1601
his	supertype	L5_6_NP_6	L5.6.NP	0.3026633768703982	1.2563302411855293	1601
his	supertype	L2_3_IT_7	IT	0.29949302702877834	1.646876407627891	1601
his	supertype	Sst_20	SST	0.2953907195161286	0.8706259704925524	1601
his	supertype	OPC_2_1-SEAAD	OPC	0.283213466609127	1.2870196502988682	1601
his	supertype	Lamp5_5	LAMP5	0.2762159429947617	1.1485737483116667	1601
his	supertype	Astro_4	Astrocyte	0.2569792179568297	0.8157742078129165	1601
his	supertype	Sst_19	SST	0.23466685869856568	0.8291267420686608	1601
his	supertype	Pvalb_5	PVALB	0.22901608326238443	1.1374560222374168	1601
his	supertype	Astro_2	Astrocyte	0.17964942477581042	0.789710541033792	1601
his	supertype	Lamp5_3	LAMP5	0.17815907364492403	0.7592547150866548	1601
his	supertype	L5_IT_6	IT	0.16933009080543554	1.246022062096473	1601
his	supertype	Vip_15	VIP	0.16840426849119888	0.9270617642741578	1601
his	supertype	Sst_12	SST	0.1554847631351914	0.9930435882142863	1601
his	supertype	Pvalb_14	PVALB	0.14307125903534346	0.5382252657800266	1601
his	supertype	Lamp5_6	LAMP5	0.0882588619672169	0.2705987135355617	1601
his	supertype	L2_3_IT_8	IT	0.06747225605643968	0.5340792302730613	1601
his	supertype	L2_3_IT_12	IT	0.028045677330936648	0.10973357783839956	1601
