pipeline	trait	mgp_trait	n_gw	n_gw_high_het	n_variants
mine	Astrocyte	Astrocyte	0	0	8578702
mine	Endothelial	Endothelial	1	0	8578702
mine	IT	IT	0	0	8578702
mine	L4.IT	L4.IT	9	2	8578702
mine	L5.6.IT.Car3	L5.6.IT.Car3	0	0	8578702
mine	L5.6.NP	L5.6.NP	0	0	8578702
mine	L5.ET	L5.ET	473	351	8578702
mine	L6.CT	L6.CT	1	0	8578702
mine	L6b	L6b	33	27	8578702
mine	LAMP5	LAMP5	13	0	8578702
mine	Microglia	Microglia	14	13	8578702
mine	OPC	OPC	0	0	8578702
mine	Oligodendrocyte	Oligodendrocyte	5	5	8578702
mine	PAX6	PAX6	0	0	8578702
mine	PVALB	PVALB	0	0	8578702
mine	Pericyte	Pericyte	0	0	8578702
mine	SST	SST	0	0	8578702
mine	VIP	VIP	135	128	8578702
mine	VLMC	VLMC	3	3	8578702
his	Astro_2	Astrocyte	0	NA	NA
his	Astro_4	Astrocyte	0	NA	NA
his	Astro_6_SEAAD	Astrocyte	0	NA	NA
his	L2_3_IT_10	IT	1	NA	NA
his	L2_3_IT_12	IT	1	NA	NA
his	L2_3_IT_7	IT	1	NA	NA
his	L2_3_IT_8	IT	1	NA	NA
his	L5_6_NP_6	L5.6.NP	1	NA	NA
his	L5_IT_10_SEAAD	IT	1	NA	NA
his	L5_IT_6	IT	2	NA	NA
his	Lamp5_3	LAMP5	1	NA	NA
his	Lamp5_5	LAMP5	1	NA	NA
his	Lamp5_6	LAMP5	1	NA	NA
his	Lamp5_Lhx6_2_SEAAD	LAMP5	1	NA	NA
his	Micro_PVM_2	Microglia	0	NA	NA
his	Micro_PVM_2_1_SEAAD	Microglia	0	NA	NA
his	Micro_PVM_2_3_SEAAD	Microglia	0	NA	NA
his	NeuronGliaRatio	NA	0	NA	NA
his	OPC_2	OPC	0	NA	NA
his	OPC_2_1_SEAAD	OPC	0	NA	NA
his	OPC_2_2_SEAAD	OPC	0	NA	NA
his	Oligo_5_SEAAD	Oligodendrocyte	0	NA	NA
his	Pvalb_14	PVALB	1	NA	NA
his	Pvalb_16_SEAAD	PVALB	1	NA	NA
his	Pvalb_5	PVALB	2	NA	NA
his	Sst_11	SST	2	NA	NA
his	Sst_12	SST	1	NA	NA
his	Sst_19	SST	3	NA	NA
his	Sst_20	SST	2	NA	NA
his	Sst_23	SST	2	NA	NA
his	Sst_25	SST	4	NA	NA
his	Sst_3	SST	1	NA	NA
his	Sst_Chodl_3_SEAAD	SST	1	NA	NA
his	Vip_15	VIP	1	NA	NA
