side	name	reason
mine	Endothelial	no core supertype survived the portability filter
mine	L4.IT	no core supertype survived the portability filter
mine	L5.6.IT.Car3	no core supertype survived the portability filter
mine	L5.ET	no core supertype survived the portability filter
mine	L6b	no core supertype survived the portability filter
mine	L6.CT	no core supertype survived the portability filter
mine	PAX6	no core supertype survived the portability filter
mine	Pericyte	no core supertype survived the portability filter
mine	VLMC	no core supertype survived the portability filter
his	Sncg	no MGP class corresponds
