cohort	ancestry	n	n_gwas_total	pct	passes_min_n
ROSMAP	EUR	796	796	100.0	True
ROSMAP_array	EUR	113	162	69.75	True
ROSMAP_array	UNKNOWN	49	162	30.25	False
Mayo	EUR	257	257	100.0	True
MSBB	EUR	205	252	81.35	True
MSBB	AFR	28	252	11.11	False
MSBB	AMR	17	252	6.75	False
MSBB	EAS	1	252	0.4	False
MSBB	OTHER	1	252	0.4	False
CMC_MSSM	EUR	230	245	93.88	True
CMC_MSSM	AFR	10	245	4.08	False
CMC_MSSM	AMR	5	245	2.04	False
CMC_PENN	EUR	80	94	85.11	True
CMC_PENN	AFR	13	94	13.83	False
CMC_PENN	OTHER	1	94	1.06	False
CMC_PITT	EUR	139	166	83.73	True
CMC_PITT	AFR	27	166	16.27	False
GTEx_v10	EUR	312	312	100.0	True
NABEC	EUR	210	210	100.0	True
NIMH_HBCC_1M	AFR	101	202	50.0	True
NIMH_HBCC_1M	EUR	88	202	43.56	True
NIMH_HBCC_1M	EAS	8	202	3.96	False
NIMH_HBCC_1M	AMR	5	202	2.48	False
NIMH_HBCC_h650	AFR	53	97	54.64	True
NIMH_HBCC_h650	EUR	42	97	43.3	False
NIMH_HBCC_h650	AMR	2	97	2.06	False
NIMH_HBCC_Omni5M	EUR	50	79	63.29	True
NIMH_HBCC_Omni5M	AFR	27	79	34.18	False
NIMH_HBCC_Omni5M	AMR	2	79	2.53	False
GVEX	EUR	388	394	98.48	True
GVEX	OTHER	3	394	0.76	False
GVEX	AMR	2	394	0.51	False
GVEX	AFR	1	394	0.25	False
AMP_AD_Rush	AFR	64	133	48.12	True
AMP_AD_Rush	AMR	34	133	25.56	False
AMP_AD_Rush	EUR	25	133	18.8	False
AMP_AD_Rush	EAS	8	133	6.02	False
AMP_AD_Rush	UNKNOWN	2	133	1.5	False
AMP_AD_Mayo	AMR	178	230	77.39	True
AMP_AD_Mayo	AFR	52	230	22.61	True
