cohort	ancestry	n	study_name	keep_list	run_gwas
ROSMAP	EUR	796	ROSMAP_EUR	docs/ancestry_specific/keep_lists/ROSMAP_EUR_samples_to_keep.txt	1
ROSMAP_array	EUR	113	ROSMAP_array_EUR	docs/ancestry_specific/keep_lists/ROSMAP_array_EUR_samples_to_keep.txt	1
Mayo	EUR	257	Mayo_EUR	docs/ancestry_specific/keep_lists/Mayo_EUR_samples_to_keep.txt	1
MSBB	EUR	205	MSBB_EUR	docs/ancestry_specific/keep_lists/MSBB_EUR_samples_to_keep.txt	1
CMC_MSSM	EUR	230	CMC_MSSM_EUR	docs/ancestry_specific/keep_lists/CMC_MSSM_EUR_samples_to_keep.txt	1
CMC_PENN	EUR	80	CMC_PENN_EUR	docs/ancestry_specific/keep_lists/CMC_PENN_EUR_samples_to_keep.txt	1
CMC_PITT	EUR	139	CMC_PITT_EUR	docs/ancestry_specific/keep_lists/CMC_PITT_EUR_samples_to_keep.txt	1
GTEx_v10	EUR	312	GTEx_v10_EUR	docs/ancestry_specific/keep_lists/GTEx_v10_EUR_samples_to_keep.txt	1
NABEC	EUR	210	NABEC_EUR	docs/ancestry_specific/keep_lists/NABEC_EUR_samples_to_keep.txt	1
NIMH_HBCC_1M	EUR	88	NIMH_HBCC_1M_EUR	docs/ancestry_specific/keep_lists/NIMH_HBCC_1M_EUR_samples_to_keep.txt	1
NIMH_HBCC_1M	AFR	101	NIMH_HBCC_1M_AFR	docs/ancestry_specific/keep_lists/NIMH_HBCC_1M_AFR_samples_to_keep.txt	1
NIMH_HBCC_h650	AFR	53	NIMH_HBCC_h650_AFR	docs/ancestry_specific/keep_lists/NIMH_HBCC_h650_AFR_samples_to_keep.txt	1
NIMH_HBCC_Omni5M	EUR	50	NIMH_HBCC_Omni5M_EUR	docs/ancestry_specific/keep_lists/NIMH_HBCC_Omni5M_EUR_samples_to_keep.txt	1
GVEX	EUR	388	GVEX_EUR	docs/ancestry_specific/keep_lists/GVEX_EUR_samples_to_keep.txt	1
AMP_AD_Rush	AFR	64	AMP_AD_Rush_AFR	docs/ancestry_specific/keep_lists/AMP_AD_Rush_AFR_samples_to_keep.txt	1
AMP_AD_Mayo	AFR	52	AMP_AD_Mayo_AFR	docs/ancestry_specific/keep_lists/AMP_AD_Mayo_AFR_samples_to_keep.txt	1
AMP_AD_Mayo	AMR	178	AMP_AD_Mayo_AMR	docs/ancestry_specific/keep_lists/AMP_AD_Mayo_AMR_samples_to_keep.txt	1
