cell_type	mean_r	sd_r	mean_rho	sd_rho	n_cohorts	total_donors	ct_clean	is_focus
l5_et	-0.008498700727769388	0.05164692699076219	0.01378267825532715	0.07037238593034499	4	942	l5_et	FALSE
l6b	-0.002554266928976623	0.067051263540864	0.013523784008366834	0.07287316192354	5	1299	l6b	FALSE
l6_ct	0.05139125645536714	0.10725152692102814	0.033048151341459484	0.09413739916131339	5	1299	l6_ct	FALSE
endothelial	0.0649370156557066	0.1232808289084982	0.07434859575647021	0.09316958756777204	5	1299	endothelial	FALSE
pericyte	0.07214760141209736	0.1555026210872547	0.05075463917251811	0.15122967015585398	4	942	pericyte	FALSE
l5_6_it_car3	0.07923132125242699	0.12866722325492436	0.07938911482718072	0.12714292103078306	5	1299	l5_6_it_car3	TRUE
l5_6_np	0.09380907387925125	0.047823377588271945	0.08628194730720648	0.03651620033733633	5	1299	l5_6_np	FALSE
pax6	0.11159890197646519	0.0715120174473689	0.11038372632673497	0.06580512206230237	5	1299	pax6	FALSE
it	0.13492284401310967	0.03263865755072417	0.13346082193784867	0.03582133202170863	5	1299	it	FALSE
pvalb	0.14873442413853083	0.1699275991612214	0.14597232151144554	0.13256748881546107	5	1299	pvalb	FALSE
opc	0.2338297697130797	0.29155031837303846	0.1920033424000935	0.2241149783946784	5	1299	opc	FALSE
vlmc	0.24306565008639683	0.1343896209582821	0.17589573844719156	0.05455260488033929	3	889	vlmc	FALSE
astrocyte	0.2521267361249297	0.20446039349062525	0.16377096929198331	0.2230861890390743	5	1299	astrocyte	FALSE
lamp5	0.26182868460641995	0.16134465775991547	0.2702065783409939	0.15475559738417494	5	1299	lamp5	FALSE
oligodendrocyte	0.30941743184145515	0.13143859442705116	0.29116467984942973	0.12117492305902886	5	1299	oligodendrocyte	FALSE
vip	0.328723231884461	0.14877164602633428	0.3261427651006615	0.1873658302852827	5	1299	vip	TRUE
microglia	0.42259252111719414	0.11189017421143162	0.40940592359106587	0.0999766200082889	5	1299	microglia	TRUE
sst	0.4381825455821573	0.16634152485567696	0.4085030904905047	0.15837482162510497	5	1299	sst	FALSE
