cell_type	group	n_donors	icc
Astro_1	glia	227	0.17108419425734245
Astro_2	glia	227	0.4856699502571694
Astro_3	glia	227	0.15690593659256166
Astro_4	glia	227	0.14142577885665103
Astro_5	glia	227	0.23147526575421795
Astro_6-SEAAD	glia	227	0.4785740669413379
Endo_1	glia	227	-0.04338061183243336
Endo_2	glia	227	0.1889795093517231
Endo_3	glia	227	0.16964178566989166
Lymphocyte	glia	227	0.37247716683587084
Micro-PVM_1	glia	227	0.21183868994604785
Micro-PVM_2	glia	227	0.5379010177520094
Micro-PVM_2_1-SEAAD	glia	227	0.6447589608449421
Micro-PVM_2_3-SEAAD	glia	227	0.7491541030518059
Micro-PVM_3-SEAAD	glia	227	0.36031650985495606
Micro-PVM_4-SEAAD	glia	227	0.09301689890075136
OPC_1	glia	227	0.28968427264105545
OPC_2	glia	227	0.5390622181674544
OPC_2_1-SEAAD	glia	227	0.5250381391605863
OPC_2_2-SEAAD	glia	227	0.8340381196962795
Oligo_1	glia	227	0.29558193538976524
Oligo_2	glia	227	0.21731152748573274
Oligo_2_1-SEAAD	glia	227	0.2008465292979262
Oligo_3	glia	227	0.17607303772686694
Oligo_4	glia	227	0.08243010284865365
Oligo_5-SEAAD	glia	227	0.5019873724450055
Pericyte_1	glia	227	0.09131938648635778
Pericyte_2-SEAAD	glia	227	0.1156690660249924
SMC-SEAAD	glia	227	0.05035871605501403
VLMC_1	glia	227	0.2153908236658037
Chandelier_1	neu	227	0.06507464722171943
Chandelier_2	neu	227	0.17082404766670997
L2/3 IT_1	neu	227	0.2261797620471477
L2/3 IT_10	neu	227	0.3535614579458295
L2/3 IT_12	neu	227	0.5412432679386657
L2/3 IT_13	neu	227	0.29412416785468987
L2/3 IT_14-SEAAD	neu	227	0.23077109438588764
L2/3 IT_2	neu	227	0.127686745814861
L2/3 IT_3	neu	227	0.2629534696166507
L2/3 IT_5	neu	227	0.10427541222799602
L2/3 IT_6	neu	227	0.2726212891099789
L2/3 IT_7	neu	227	0.3049926441839114
L2/3 IT_8	neu	227	0.18553517323841043
L4 IT_1	neu	227	0.11170021787441357
L4 IT_2	neu	227	0.0809138100772104
L4 IT_3	neu	227	0.15152422799687174
L4 IT_4	neu	227	0.2677191534687199
L5 ET_2	neu	227	0.155483131602084
L5 ET_4-SEAAD	neu	227	0.031330469051830255
L5 IT_1	neu	227	0.015918040893419912
L5 IT_10-SEAAD	neu	227	0.2124255045163748
L5 IT_2	neu	227	0.3485471479490322
L5 IT_3	neu	227	0.12813658134581438
L5 IT_5	neu	227	0.35731116106976835
L5 IT_6	neu	227	0.23802632479953464
L5 IT_7	neu	227	0.157048298527236
L5/6 NP_1	neu	227	0.0812370046390677
L5/6 NP_2	neu	227	0.11739323603571696
L5/6 NP_3	neu	227	0.29039764918189004
L5/6 NP_4	neu	227	0.1675482705907319
L5/6 NP_6	neu	227	0.28713810946137686
L5/6 NP_7-SEAAD	neu	227	-0.01753072843233523
L5/6 NP_8-SEAAD	neu	227	0.04192474775927608
L5/6 NP_9-SEAAD	neu	227	0.11827638373798822
L6 CT_1	neu	227	0.21380288758972474
L6 CT_2	neu	227	0.09134165576125251
L6 CT_3	neu	227	0.14349300023229491
L6 CT_4	neu	227	0.1640547862833837
L6 IT Car3_1	neu	227	0.2768372348218817
L6 IT Car3_3	neu	227	0.08206635906467595
L6 IT_1	neu	227	0.01103684956450276
L6 IT_2	neu	227	0.04936473288981931
L6 IT_3-SEAAD	neu	227	0.0698786426948896
L6 IT_4-SEAAD	neu	227	0.21904684630340318
L6b_1	neu	227	0.036216357825713294
L6b_2	neu	227	0.059649531498673344
L6b_3	neu	227	0.10399932732485509
L6b_4	neu	227	0.1520681125926104
L6b_5	neu	227	0.09495141216015522
L6b_6	neu	227	0.11433889559315245
Lamp5_1	neu	227	0.1290981173000324
Lamp5_2	neu	227	0.20943192145002532
Lamp5_3	neu	227	0.3525907387726441
Lamp5_4	neu	227	0.006126650681868214
Lamp5_5	neu	227	0.3035515523569178
Lamp5_6	neu	227	0.1820904941776412
Lamp5_Lhx6_1	neu	227	0.09441421444705156
Lamp5_Lhx6_2-SEAAD	neu	227	0.5503486247316298
Lamp5_Lhx6_3-SEAAD	neu	227	0.17990726852621033
Pax6_1	neu	227	0.06898529495930524
Pax6_2	neu	227	-0.007159469904581751
Pax6_3	neu	227	0.0680597799928588
Pax6_4	neu	227	0.02949882225773362
Pax6_6-SEAAD	neu	227	0.2184195358707721
Pvalb_1	neu	227	0.04932421892217201
Pvalb_10	neu	227	0.14976497008762404
Pvalb_12	neu	227	0.0790660880451486
Pvalb_13	neu	227	-0.022767757558540082
Pvalb_14	neu	227	0.2437146839008081
Pvalb_15	neu	227	0.20489090001892316
Pvalb_2	neu	227	0.15892035088067297
Pvalb_3	neu	227	0.2124014905180689
Pvalb_5	neu	227	0.16185436053597738
Pvalb_6	neu	227	-0.01471775587371111
Pvalb_7	neu	227	0.05060544424421399
Pvalb_8	neu	227	0.17340783483010466
Pvalb_9	neu	227	0.08279824131134665
Sncg_1	neu	227	0.281223003250721
Sncg_2	neu	227	-0.035114636352851954
Sncg_3	neu	227	0.04671415654223678
Sncg_4	neu	227	0.20193939551961954
Sncg_5	neu	227	0.18012054756830162
Sncg_6	neu	227	0.06660447761769725
Sncg_8	neu	227	-0.007247191525738202
Sst Chodl_1	neu	227	0.005796926915343427
Sst Chodl_2	neu	227	0.09249667371512721
Sst Chodl_3-SEAAD	neu	227	0.5589114273005134
Sst_1	neu	227	-0.01956617381675335
Sst_10	neu	227	0.008569679669386293
Sst_11	neu	227	0.4758866602863267
Sst_12	neu	227	0.13347889085426745
Sst_13	neu	227	0.4035835290108079
Sst_19	neu	227	0.2731624148649824
Sst_2	neu	227	0.3786396151802182
Sst_20	neu	227	0.40665059391511044
Sst_22	neu	227	0.3169080731744397
Sst_23	neu	227	0.4161685071225084
Sst_25	neu	227	0.3954647152686157
Sst_3	neu	227	0.6979548864790366
Sst_4	neu	227	0.13418233131938292
Sst_5	neu	227	0.056261791739333246
Sst_7	neu	227	-0.12286380318061114
Sst_9	neu	227	0.10734308854396839
Vip_1	neu	227	0.005838887316450849
Vip_11	neu	227	0.3016291735837191
Vip_12	neu	227	0.01635035061894055
Vip_13	neu	227	0.15065917303172568
Vip_14	neu	227	0.19049724550437558
Vip_15	neu	227	0.2421434693296963
Vip_16	neu	227	0.01236706047348666
Vip_18	neu	227	0.17067550274855423
Vip_19	neu	227	0.2725906989142481
Vip_2	neu	227	0.27372239906532403
Vip_21	neu	227	0.0088958914862826
Vip_23	neu	227	0.1608349853583523
Vip_24-SEAAD	neu	227	0.13451431132133704
Vip_4	neu	227	0.2659974360052181
Vip_5	neu	227	0.16910783443984725
Vip_6	neu	227	0.009238336167736639
Vip_9	neu	227	0.020764941898201897
