pair	donor	n_inh_types	agree_inh	depth_exc_a	depth_exc_b	depth_all_a	depth_all_b	wm_a	wm_b
Green x Mathys	TLP004219	44	-0.06143812457995852	0.41081755119450053	0.519621961142339	0.5096501736650186	0.540220405508507	0.15699659253198933	0.11505890940039376
Green x Mathys	TLP004220	44	0.1866499130984541	0.4690981600011928	0.42351043959445034	0.5593350317719964	0.6384943813332771	0.18288744713842156	0.41422554182827653
Green x Mathys	TLP004222	44	-0.06256735300762548	0.4025680582889729	0.3978859550059827	0.496851294185784	0.555123425824878	0.14441774238855257	0.22475725239831618
Green x Mathys	TLP004225	44	0.4597237562636982	0.3811494296057818	0.3795233083768137	0.462819464181819	0.47881501225871703	0.10094458078748145	0.1584890422620556
Green x Mathys	TLP004226	44	-0.1556109138002243	0.37213201945620555	0.5135188444208502	0.4623783755463402	0.6844457777604407	0.10890696279628796	0.42594000440646806
Green x Mathys	TLP004231	44	-0.1091614572296281	0.5148271738367893	0.3827001606652849	0.594730521039347	0.5749797133345643	0.20651936187666375	0.3169793068631756
Green x Mathys	TLP004232	44	0.223705320874664	0.42675101153614264	0.3400779163022185	0.5381479839209329	0.4643621364379234	0.19895863011891088	0.15922373589696198
Green x Mathys	TLP004238	44	0.08995157523914653	0.43389343174235195	0.47161729494655286	0.5857925106728731	0.6695565583003463	0.2798173846237443	0.4387089177252978
Green x Mathys	TLP004244	44	-0.0923816597753892	0.41125460548455894	0.1919707901948373	0.5218697162353158	0.3368077932393033	0.17876181992017023	0.05481219317964892
Green x Mathys	TLP004247	44	0.059205370590822724	0.34599627497516516	0.40036540462739917	0.4827445100775765	0.5207638862957134	0.14343649763160213	0.1911378356240187
Green x Mathys	TLP004250	44	0.19101291759837782	0.44576523233038173	0.42074080042805373	0.5465155399411731	0.6256056753993824	0.17917092257425873	0.3713349898564337
Green x Mathys	TLP004251	44	0.19406717214427732	0.37818505119302004	0.35074469542099007	0.5061056853097317	0.555196306704071	0.15584805062572937	0.3035657854985577
Green x Mathys	TLP004257	44	0.447412246120873	0.45795452117783836	0.19917770369935917	0.567285679826054	0.28323765484601193	0.18346504463666724	0.0707527511998324
Green x Mathys	TLP004266	44	0.07619206746420708	0.42328098190053964	0.3170102687893106	0.5240122447641387	0.43121959016384265	0.15039351765881107	0.13634379645053973
Green x Mathys	TLP004271	44	0.31283176851269245	0.4376307767708498	0.290850096808499	0.5436046331309003	0.43392143283945883	0.16654023908706544	0.14200749710998184
Green x Mathys	TLP004278	44	-0.4742636360241139	0.5514751778046326	0.3443910289945539	0.6162644557818306	0.4521010770814771	0.2030167275616502	0.15423576125799449
Green x Mathys	TLP004279	44	0.26612752284059493	0.41301761491267297	0.4315933542662667	0.5510696016305603	0.569540046268855	0.22983953019811354	0.2512528986751584
Green x Mathys	TLP004281	44	0.03834431501806373	0.4417379790365039	0.3866748575627067	0.5491542623036584	0.6501595445789171	0.1772650962529933	0.46493274484690483
Green x Mathys	TLP004284	44	-0.09246944354874012	0.5646612078188277	0.4285766863017171	0.6160111351606765	0.6311739854128774	0.19229574309763237	0.3922246107718061
Green x Mathys	TLP004311	44	0.2608850863223529	0.37213493524099184	0.4316576201484424	0.5441803297034005	0.6030540537367688	0.24386177016634086	0.3161303405238643
Green x Mathys	TLP004313	44	-0.24022056696407784	0.5341038965205107	0.33091297064949543	0.5893642292184098	0.4739520865327845	0.16360157232489064	0.18467194188506333
Green x Mathys	TLP004316	44	0.26392894292881525	0.45447029026047764	0.5094548810939992	0.5552305131330213	0.6214001401619362	0.1827213045373599	0.29137012940975127
Green x Mathys	TLP004322	44	0.4561887005188348	0.3841436916751718	0.42570914438877233	0.470374573235253	0.5273752303926168	0.10865498951238312	0.20179289239769208
Green x Mathys	TLP004325	44	-0.020898915727864214	0.42278603216836913	0.6210540961958231	0.5415801588059542	0.8716327814708505	0.19659011175837776	0.8206016942285356
Green x Mathys	TLP004328	44	-0.07479761526667934	0.431761489421312	0.5284954475093806	0.5305439566993193	0.7624887580120201	0.15466058454644543	0.5926858843516911
Green x Mathys	TLP004432	44	-0.20199951020254914	0.4990880334237792	0.398902772478489	0.5933429749570116	0.5858874673279857	0.20171357060924225	0.3384541008972438
Green x Mathys	TLP004435	44	0.40726864293924003	0.41830870556237965	0.4051617833233855	0.5050173091522954	0.503495095910688	0.13439479897475382	0.176700025839098
Green x Mathys	TLP004441	44	-0.6094268527668756	0.3383737931929506	0.500448328265954	0.40816433441669764	0.6154923498152035	0.07517107551907994	0.2638473358218297
Green x Mathys	TLP004442	44	0.11215525111630771	0.5651775544538205	0.40932354653232417	0.6048577016696487	0.5903615717825105	0.21719674145792509	0.3213378946045489
Green x Mathys	TLP004444	44	0.38942960073560123	0.39405153462322495	0.4627529600807877	0.4752814694522891	0.6156744618628504	0.11850140948601011	0.34176474532621837
Green x Mathys	TLP004456	44	0.05310605626273197	0.3905400518470654	0.526915109396575	0.5067339716376713	0.7844396339198767	0.1654741153587188	0.6391337742639646
Green x Mathys	TLP004458	44	0.477528631650566	0.4159512157545635	0.3820541823344138	0.5144973442194087	0.5033037450267349	0.16922409506015948	0.1887122170497162
Green x Mathys	TLP004459	44	0.393294550703476	0.35713160697345364	0.2853402044779837	0.518291926800382	0.4393727062863909	0.18918510050691528	0.19784878913913342
Green x Mathys	TLP004463	44	0.28571491369991836	0.3343623313677129	0.44495069398659987	0.4787614480696975	0.5566564756154526	0.14275932880187825	0.24533044997728626
Green x Mathys	TLP004470	44	0.48039895062251964	0.37839879047139613	0.37081542176852644	0.5247912268898666	0.5242681994187316	0.18412308245059072	0.2130222102952475
Green x Mathys	TLP004471	44	0.23322644498444667	0.47000084103415074	0.49210468612663866	0.5589359098612214	0.6863420311733103	0.17882053559927047	0.45018243350928794
Green x Mathys	TLP004490	44	0.38152030243657237	0.6011414467067387	0.7313428800785335	0.6081550737094854	0.8180516927791214	0.2213549259254683	0.6262448068978552
Green x Mathys	TLP004493	44	0.5003458471782062	0.47450850995500227	0.5092134364875442	0.5529966994198557	0.6652123147997867	0.1729751023426335	0.3716457918107009
Green x Mathys	TLP004500	44	-0.0023376960753805414	0.46765445114054327	0.5696340891577443	0.5692117460395939	0.6572335463130794	0.21047563501286498	0.3190158833393865
Green x Mathys	TLP004508	44	-0.30570911146102836	0.44301345068389275	0.3667014044336301	0.5708902571193087	0.6411811884053635	0.21300365739912575	0.44548493995884475
Green x Mathys	TLP004510	44	0.14432857709787236	0.4184124703933437	0.49406944275836406	0.5158169555103627	0.7282067353620318	0.15454636266727279	0.547623083263579
Green x Mathys	TLP004521	44	-0.05577632654853123	0.3757659185006846	0.1919707901948373	0.5236006056277814	0.3254648801546922	0.182649446514611	0.06650121777119307
Green x Mathys	TLP004524	44	0.05338305906206896	0.4680274279731596	0.4251198627454845	0.5588582615023941	0.5344890371754306	0.17907193791003873	0.2395174730827377
Green x Mathys	TLP004525	44	0.009044876177973884	0.41626335785576646	0.4517395868126463	0.5485177435960097	0.6956605426031613	0.19853495391301795	0.5039129277397102
Green x Mathys	TLP004533	44	0.07781709552517548	0.4563112277188333	0.43736703394806803	0.5792049924603857	0.6393130907083484	0.2201129182911931	0.4059601006709563
Green x Mathys	TLP004535	44	-0.3972515547412371	0.49885140818196055	0.3490463397051502	0.6524198091954876	0.5058682227999981	0.31866120403122	0.22108157017227467
Green x Mathys	TLP004543	44	0.22998047886455997	0.46287976581155277	0.5674395517053666	0.5496629182504504	0.7121930928089962	0.19440730212825102	0.43818102643404616
Green x Mathys	TLP004544	44	0.10498877674822596	0.5366750861420183	0.44800713163138284	0.6190205310680453	0.5430133243544298	0.2194571541709694	0.20767738577941358
Green x Mathys	TLP004550	44	0.07324890251535289	0.4345561852775957	0.5303900474242802	0.5177969766870525	0.6419024715964433	0.1523167956689526	0.3224729463825449
Green x Mathys	TLP004551	44	0.3363990252136688	0.40081064446534787	0.426601438593911	0.46093641011328557	0.6309685076941007	0.10259988309977985	0.37762972564455843
Green x Mathys	TLP004553	44	0.44021235443965256	0.5353215178067731	0.4692867225154999	0.594963254432109	0.6321254822020501	0.14937841990773154	0.34421508677538365
Green x Mathys	TLP004557	44	-0.18994162057329236	0.37787200450673153	0.45059404805418823	0.5228499412553855	0.5894421255678136	0.21073963827965053	0.2549344640847125
Green x Mathys	TLP004560	44	-0.028520952147349593	0.6007840424895158	0.5106149861769835	0.65084433624951	0.7280715729804494	0.25916338389283733	0.5387191042284811
Green x Mathys	TLP004563	44	0.44651076587548205	0.42820391686705456	0.4726823705429334	0.524633580030073	0.6193955642404405	0.16378590439584473	0.33409550789841763
Green x Mathys	TLP004564	44	0.6617758166840283	0.5158668148604411	0.5742318967003776	0.5805533843198918	0.8056879000236515	0.15794579189053434	0.6688159815703769
Green x Mathys	TLP004565	44	0.42226908936282653	0.4282779016771718	0.48211723600720174	0.5282825076713881	0.6434995871325907	0.17576999934461027	0.37121161295863236
Green x Mathys	TLP004566	44	0.0810547854220725	0.5574487572883493	0.3745428861413548	0.640684322130893	0.5520729768705464	0.2480835436424868	0.26057878157930225
Green x Mathys	TLP004568	44	0.11891138879601902	0.4378171795995872	0.448798135119494	0.6052072267358989	0.7041934329582606	0.30615468738957535	0.46336589360296754
Green x Mathys	TLP004571	44	0.22904855835119362	0.4099553432479454	0.4290176460267772	0.5112391652695722	0.5991852519575736	0.14285285743779633	0.30283716423647933
Green x Mathys	TLP004575	44	-0.0892450898797936	0.3947010211908226	0.4207657871796561	0.5034311458052542	0.7048572459589526	0.14045053118846307	0.48828693184439736
Green x Mathys	TLP004577	44	-0.1595693229107511	0.45118280598095284	0.5061275538714087	0.5374999857942933	0.712389306666035	0.1540665217780186	0.464219954822548
Green x Mathys	TLP004581	44	0.4292891769213211	0.3747013153663093	0.5298341340414272	0.5181062649538238	0.7617168473801208	0.17224832021324266	0.5834624529399799
Green x Mathys	TLP004582	44	0.2919463482351558	0.41550099337895346	0.394808695335703	0.5150096542940574	0.5890261520203318	0.14568946246652326	0.33679925675704114
Green x Mathys	TLP004586	44	0.39873275061398405	0.3662745259317251	0.41566192064744834	0.4957440066087401	0.6015546678561503	0.17208407614325963	0.3233284496819994
Green x Mathys	TLP004595	44	0.542760072891869	0.4451576117785649	0.44225573167285326	0.5412486866234335	0.5790226761059947	0.21381832389957509	0.29486340835708824
Green x Mathys	TLP004599	44	0.38789101833783685	0.48628232886433537	0.5191662887290474	0.5836407820491615	0.7038857251333069	0.2327889798823982	0.4527837357038586
Green x Mathys	TLP004606	44	0.6218082319249354	0.5439897655697947	0.5278333504212311	0.5694374920383278	0.7084442388696225	0.14313560646947196	0.47784153504285237
Green x Mathys	TLP004608	44	-0.2034087000547536	0.4087393218957378	0.43213991653820116	0.5162265873877623	0.5643377542152128	0.15410908291681608	0.19613348331223984
Green x Mathys	TLP004616	44	0.48221172749785307	0.4634239575094771	0.48317342798860674	0.5609467691514642	0.5856356055031986	0.18604886522750191	0.22073505116475736
Green x Mathys	TLP004619	44	-0.07064853491069416	0.4425384093493559	0.4153821515965682	0.5182477489310148	0.5481604035852256	0.1257325227771586	0.2360071365390851
Green x Mathys	TLP004622	44	0.5393933715979135	0.42076830677175403	0.35118451856920674	0.5320084541304478	0.49289647746925863	0.17006481271214252	0.2072522500390044
Green x Mathys	TLP004623	44	-0.04645773975533143	0.39541604471448677	0.41839972224885713	0.5125091978595959	0.6050672263490731	0.1673552543047187	0.3495612274878235
Green x Mathys	TLP004626	44	0.2181891484672974	0.42043818837037894	0.4615857530505133	0.5175855759856617	0.6124855055256786	0.14388518820850232	0.3233302385985853
Green x Mathys	TLP004627	44	0.6487731711762046	0.3753449563235472	0.22279597542063517	0.5766953789520223	0.4954508446659925	0.23879375275197842	0.20575403764169828
Green x Mathys	TLP004629	44	0.15528180920000148	0.49981172306490684	0.41707615676886894	0.6035666675222785	0.5594325159710277	0.21667827758044944	0.28850353318966576
Green x Mathys	TLP004631	44	0.3456023588208208	0.39289845410378754	0.37724056856474797	0.48953138220438097	0.5509561693973216	0.1402143132540259	0.24243659396067738
Green x Mathys	TLP004634	44	0.38814054881375865	0.43573350342228134	0.4769799152226046	0.5708160701322263	0.6528335942563621	0.21781275407431105	0.3842410275186798
Green x Mathys	TLP004638	44	-0.0782527314164741	0.45856589732620995	0.2783255096958276	0.5375063443232566	0.4640843394963879	0.14799196512311677	0.1912816509729685
Green x Mathys	TLP004639	44	-0.2997338936863228	0.3971827527926265	0.4627876195595544	0.5209612858557281	0.7621817661212086	0.2040412474143919	0.6235971819330418
Green x Mathys	TLP004643	44	0.06851098132978031	0.5178833235560436	0.4315496115985725	0.6133516646964722	0.6206427618295055	0.24251017384173015	0.33300736885598414
Green x Mathys	TLP004645	44	-0.02296725272672116	0.4630163793181979	0.34046398989581816	0.5211680036618295	0.528402925918263	0.13453245453461665	0.25804711683713855
Green x Mathys	TLP004646	44	-0.08046024585574153	0.4521414385647691	0.5478802315478055	0.5523506011320467	0.638527794184213	0.19582910847770402	0.2577193756309884
Green x Mathys	TLP004647	44	0.3038164343947447	0.47107950193595344	0.3651639138692261	0.5685789521503725	0.47064122877061654	0.20793099097003162	0.14082707013181459
Green x Mathys	TLP004653	44	0.17513544109481338	0.4240308563090894	0.38526870126303714	0.5488855630286296	0.5716699469365107	0.1912592739594245	0.28078020320038094
Green x Mathys	TLP004654	44	0.3823464083931707	0.4205219214118022	0.478057464643632	0.5024963349463502	0.5613308685362669	0.1364180995869224	0.20619306258485126
Green x Mathys	TLP004657	44	0.08100211129936499	0.4657958909228771	0.5532091257979794	0.5264677797876283	0.7857221093529249	0.14670627726863386	0.6459305203587836
Green x Mathys	TLP004658	44	0.1594853388343562	0.3300281421840941	0.38160317743149796	0.49751961187362775	0.5110298718564625	0.18108848167074237	0.18626194575166022
Green x Mathys	TLP004660	44	0.48197691773984114	0.37090037952235755	0.41249740446062366	0.49626880905766063	0.49419310982793735	0.14757134094783983	0.1323717916492702
Green x Mathys	TLP004661	44	0.4036780692509328	0.4454867829601519	0.44329346128838976	0.5158917922411955	0.5395734149398532	0.11984119897021615	0.20096952543259242
Green x Mathys	TLP004666	44	0.47501157857436554	0.41981055029333997	0.4187036089360857	0.517657534118047	0.5694723047996613	0.1714561749318887	0.25246654450652123
Green x Mathys	TLP004669	44	0.3903009120087146	0.47414979765041276	0.47223759265187537	0.5606975158980105	0.7014166937915599	0.1672974545272715	0.4903252737492997
Green x Mathys	TLP004671	44	0.5503997738968691	0.39073622443781264	0.363137830427671	0.4966063009299412	0.5215804901241483	0.1425214185433141	0.22448304313913556
Green x Mathys	TLP004672	44	-0.06529626453172138	0.3965705838012431	0.37794130892085165	0.5277239070926499	0.5719859512886928	0.1923181514857648	0.27786368555231333
Green x Mathys	TLP004674	44	0.09487416572340521	0.38785480532512506	0.41113511191212526	0.5282240839716408	0.5902446388043657	0.1843000581750231	0.32346155555446515
Green x Mathys	TLP004676	44	-0.051866705059310375	0.46618219541090966	0.46331847554004635	0.5544293361904646	0.6923621945314433	0.17176714763517037	0.48722093297999325
Green x Mathys	TLP004682	44	0.3854407946480821	0.43309284031373596	0.4184389403763795	0.5296822554043417	0.5718407453834029	0.1626168901462804	0.2662122237542067
Green x Mathys	TLP004685	44	-0.0901308627143776	0.5205371185890943	0.46792436233955864	0.6118222593528624	0.8113195802265672	0.23049323502905658	0.7297050184448779
Green x Mathys	TLP004686	44	0.33877382656621025	0.41749739832705424	0.44041961950404046	0.5501640241141423	0.5523019738077455	0.19874945270337213	0.23843424065077332
Green x Mathys	TLP004689	44	-0.12973668828008894	0.4285378246596091	0.4842776981451559	0.5401230218040969	0.5939019058858678	0.17746587230537897	0.20501774482164145
Green x Mathys	TLP004690	44	-0.011644874865422228	0.5153367122201924	0.4323684642355964	0.6006205644155215	0.5833697598729835	0.2022750687836162	0.28096929468951004
Green x Mathys	TLP004693	44	0.24433243577041855	0.42948312146673423	0.5647905308288864	0.5715371803998973	0.8290806226798014	0.20995245190523956	0.7392829573502668
Green x Mathys	TLP004703	44	0.19201734858581768	0.48014869369683627	0.4218833753751199	0.5737241442817238	0.6582389541217676	0.2142751802117045	0.4522248988244023
Green x Mathys	TLP004706	44	-0.19815722591358456	0.43719676301049193	0.45253975511170885	0.5316454515837127	0.6071749977736862	0.16384288431865734	0.326533708636032
Green x Mathys	TLP004710	44	0.11103187751912377	0.5104204563111713	0.38943777108076505	0.5914200707736325	0.5511223637480747	0.2023417208119895	0.271643685303835
Green x Mathys	TLP004716	44	0.418237402177157	0.4322630788472893	0.44623882954871874	0.5258597472603562	0.5566599845713931	0.1671786075278558	0.23854712039354217
Green x Mathys	TLP004717	44	0.2834483963789574	0.5076702151041276	0.4708030701795665	0.5821618750897384	0.6565981909190535	0.19670250326554203	0.40994501181238735
Green x Mathys	TLP004729	44	-0.17530296414145832	0.44235004128629174	0.46699675480025526	0.5457327751050344	0.7943274536042162	0.1766733768370405	0.6931594304446692
Green x Mathys	TLP004734	44	0.14263498554077247	0.47910289759373204	0.41830652985212635	0.5930736993209541	0.7842754313380932	0.2577122769461857	0.6455243063036264
Green x Mathys	TLP004738	44	0.08095185893553135	0.4049583869808181	0.34411031354022925	0.5683636177752484	0.6407103694207157	0.2593972205241744	0.44551088124365906
Green x Mathys	TLP004742	44	0.5575317212040516	0.4773259879635081	0.46539965004359607	0.5612894614064898	0.6472058208968661	0.18095275803257085	0.39199265133815026
Green x Mathys	TLP004744	44	0.08740075476255772	0.450127634432868	0.2040099784695994	0.5616361509333937	0.2294216424385235	0.19821323469951652	0.016901487319099198
Green x Mathys	TLP004751	44	0.6652261528947233	0.37259001665994823	0.3705088254174931	0.4833151121213742	0.573292661417779	0.14891219486378823	0.31774366981396124
Green x Mathys	TLP004755	44	-0.22714321882745872	0.3413063323333122	0.4870995667958176	0.49804543339662083	0.7019202814829963	0.1887633424512766	0.4991190634546065
Green x Mathys	TLP004756	44	0.18460050282929585	0.7707167553774588	0.46968934752742253	0.8286015880287012	0.5934374585864096	0.5796000657444051	0.27867690331943995
Green x Mathys	TLP004759	44	0.25520700934732404	0.3948102488912225	0.47761682183323906	0.5279917526063886	0.7347239647199276	0.1816641682344356	0.5423930744687803
Green x Mathys	TLP004760	44	0.3521188703875225	0.4365880547870171	0.5179870693258405	0.5428797527519955	0.6820513889300525	0.19253964816340619	0.4231211746553859
Green x Mathys	TLP004763	44	0.1529542826299081	0.45309838807927805	0.34226344816672244	0.5392979986888008	0.5052071123708425	0.16801001541200397	0.22003768333909243
Green x Mathys	TLP004771	44	0.06339300678674319	0.4356156354054072	0.4690622896978572	0.5193880288242819	0.6264953607106932	0.14190504354799915	0.38000242909621873
Green x Mathys	TLP004777	44	0.13863217362966215	0.4329550607725623	0.43592842135558196	0.559704019405551	0.617012233925801	0.22939834069308931	0.3293728322555537
Green x Mathys	TLP004782	44	0.29876706899532823	0.5097871612785871	0.45783174996535214	0.6006647539717801	0.663669551823306	0.2160103660320323	0.39531233575676383
Green x Mathys	TLP004784	44	-0.0038426438159426353	0.34589715670774396	0.40891768730018807	0.49295970582926435	0.6337897098895254	0.16510878066312246	0.385845934672741
Green x Mathys	TLP004785	44	0.24996486368827486	0.47706126397776666	0.5373476768109865	0.635115758440099	0.6367288550880604	0.32262036408388334	0.27840266575788986
Green x Mathys	TLP004786	44	0.3613384606046753	0.4597651309994605	0.4251184552010154	0.5658514736500332	0.5947332775117725	0.2143754836512433	0.2991457936605095
Green x Mathys	TLP004788	44	-0.10455213346436235	0.45922975002181976	0.6380649887817016	0.5449663637787127	0.7939471934638542	0.18406041525520453	0.5910136901540287
Green x Mathys	TLP004793	44	0.14116557386589043	0.4098141595846956	0.5383293757743866	0.5385584745297628	0.8224699746823716	0.1775761008334102	0.7367158716381713
Green x Mathys	TLP004796	44	0.008504088181770265	0.430412634144453	0.5495720905386945	0.5175761538943379	0.689522135043946	0.144718881583132	0.3985999105545893
Green x Mathys	TLP004801	44	-0.045353039070776355	0.33672952531450817	0.5133482007553525	0.4296594260025998	0.7511752936673727	0.1088296710121182	0.5985587413332442
Green x Mathys	TLP004805	44	0.24236756733569398	0.42316198527002563	0.37903559648905183	0.5466359060358432	0.5463364831840302	0.21605338457642398	0.2792794969546675
Green x Mathys	TLP004811	44	0.04969732504010219	0.4924137933886917		0.5705265062581346	0.31225937773532836	0.19391251992928707	0.03558698135625611
Green x Mathys	TLP004813	44	0.3492138382348097	0.4556937836643099	0.41455385327883876	0.5283561947578039	0.5208177043214016	0.13851389503562336	0.18914082988945852
Green x Mathys	TLP004814	44	-0.1717900099710601	0.3472586952688528	0.4106982918006765	0.47444987325591514	0.591855617265357	0.15064989964280373	0.33020073375275333
Green x Mathys	TLP004816	44	0.42031919311244803	0.5401136797693747	0.5011886883620418	0.5943247817731989	0.7201610251341858	0.1747934822952769	0.5202190027602525
Green x Mathys	TLP004825	44	0.35760425596314943	0.370737075633403	0.45235955666852823	0.5057884209563456	0.7721030887579392	0.18460628248227218	0.6511565864658013
Green x Mathys	TLP004828	44	0.4598776955810389	0.4960804494511464	0.5865979938522359	0.5967624781315338	0.8186734442815102	0.22880314871017982	0.7017471931576668
Green x Mathys	TLP004832	44	-0.05069172832702045	0.5625814584299127	0.45111019928982926	0.6164027824727631	0.7165731619739978	0.20788567327098414	0.549224800007616
Green x Mathys	TLP004837	44	0.26720647725367097	0.36556150003400645	0.4312729081651946	0.4868065479413884	0.6877457183234444	0.16433261114512981	0.41968471945413643
Green x Mathys	TLP004844	44	0.19776011743930277	0.45533587701111033	0.35743029659191095	0.5511725713794253	0.4605037085750561	0.18886219673035545	0.12612984559329496
Green x Mathys	TLP004845	44	0.5205518306142465	0.3703927212361403	0.3530264142512683	0.4902534071305788	0.4770637040965361	0.1375885277185209	0.1801417673489779
Green x Mathys	TLP004850	44	-0.07072096649942175	0.4574619826110489	0.3298651033261368	0.4786636419354778	0.46585832556705725	0.05225385825068177	0.15993171980216694
Green x Mathys	TLP004851	44	0.29933003429576577	0.3561241023784337	0.3808875401720029	0.44604980873928796	0.510554044172212	0.1248245571769475	0.19867579965007484
Green x Mathys	TLP004853	44	-0.05126075790239533	0.5004594987641824	0.3645344412808357	0.6054552717529671	0.46296526933798704	0.26094460080036097	0.1509259912549103
Green x Mathys	TLP004856	44	0.5276838688622092	0.4798954951845387	0.4845271656665913	0.6027428004169804	0.658048682118015	0.26925466616511984	0.39571970107417986
Green x Mathys	TLP004857	44	0.1935885502337907	0.38307637193764166	0.40191025029768307	0.5078375069619354	0.5231976603902336	0.16685155098617746	0.21384692386802498
Green x Mathys	TLP004860	44	0.2822461270276485	0.4061997127268395	0.4114837639979113	0.5346402265409368	0.5950668000166401	0.21351686043474533	0.3317036065737198
Green x Mathys	TLP004861	44	0.1804734809142889	0.5685605159530368	0.27809907959946	0.5817883500044015	0.3621437969339823	0.1435983748956194	0.06926923109923355
Green x Mathys	TLP004862	44	0.2357321398400038	0.4001290388619744	0.41077670122819215	0.5192398518302096	0.5688455114265877	0.16899153659794489	0.28551593390719604
Green x Mathys	TLP004864	44	0.5412885131217834	0.42255030256531945	0.36833344311341587	0.5200370047690703	0.5245556563257554	0.1561604461896933	0.23392681020535766
Green x Mathys	TLP004865	44	0.28529563705561944	0.4608913526775094	0.5754506397757723	0.5386254142749405	0.6436121543064753	0.14724824298883518	0.27918614620415855
Green x Mathys	TLP004866	44	0.28025912514658124	0.4844081003280032	0.6098397408119927	0.5782467385962096	0.7047897450564073	0.19521904386459	0.39167953016745777
Green x Mathys	TLP004867	44	-0.3076608928838434	0.3881690997684432	0.6175011244619935	0.49828612645105824	0.7616681693334858	0.13973161979989265	0.4951292943058649
Green x Mathys	TLP004872	44	0.3364093849775155	0.42908898312096666	0.41925157745454655	0.47966857938962204	0.5442026420862036	0.09872049104645347	0.2334363018538512
Green x Mathys	TLP004879	44	0.2884648113547512	0.4661553187109333	0.4122004754878039	0.5497051239666237	0.481672010115458	0.16858252322889677	0.1253086092541555
Green x Mathys	TLP004882	44	0.49516601841270286	0.4517039517169544	0.4186232460819731	0.6103074751676025	0.6085426953167358	0.2894492962186979	0.3633639464699414
Green x Mathys	TLP004887	44	-0.05246057140184909	0.3955837464440395	0.46747628354374804	0.5111502733560738	0.6561230344820876	0.15919983591849698	0.3734316886195918
Green x Mathys	TLP004889	44	0.27770210761670666	0.47741691704762607	0.46337455270086325	0.5623639579890763	0.6462070800419101	0.16870172385555954	0.39556799863997133
Green x Mathys	TLP004896	44	0.14339497776206647	0.5065820173428373	0.46308802567726265	0.5611196673294343	0.6832921343211866	0.16706746232723022	0.41459078068689914
Green x Mathys	TLP004898	44	0.22373185377135982	0.3900146847076358	0.4117281720006086	0.5250019116915361	0.6004757793373178	0.19809819646882315	0.34901283595011495
Green x Mathys	TLP004901	44	0.23653720920634203	0.4784385455074204	0.35916926557781426	0.5826834607363431	0.5511031392581371	0.1990029024367981	0.3025818535314319
Green x Mathys	TLP004902	44	0.19340754463194065	0.3539426104599559	0.4448217129302659	0.45937189592108996	0.5521480572958167	0.1386631395412148	0.22581091058555394
Green x Mathys	TLP004908	44	0.20704242867767153	0.5153041732907089	0.3997403877057906	0.6033289576530348	0.5512911349396155	0.219719866621661	0.24900577218535547
Green x Mathys	TLP004914	44	0.3104051145393819	0.3536841801570511	0.4068154727612803	0.46440661489764956	0.4964848960786741	0.12556398477040331	0.16398971458486714
Green x Mathys	TLP004916	44	-0.29278697152382865	0.4085539217029436	0.6111714159104192	0.5131517550005368	0.8346035227963896	0.15128344926267112	0.7259992267008607
Green x Mathys	TLP004920	44	0.11627500688333546	0.48297405963002593	0.4017406299532394	0.5829118500770405	0.49477991786419695	0.2169219017555231	0.1587160648482393
Green x Mathys	TLP004923	44	0.4127988914993768	0.409436854624508	0.41022503961426493	0.520420951544953	0.527952697097315	0.16257871729536405	0.2087731033891087
Green x Mathys	TLP004928	44	0.526802174021179	0.4228426573508147	0.3416693309573281	0.49379549585292665	0.45576716614433044	0.1292189892764216	0.14183348060021592
Green x Mathys	TLP004933	44	0.5136545301453946	0.4073141250058655	0.4191718047424551	0.5023756328484611	0.5431003664194987	0.13702965993803407	0.2449382120624644
Green x Mathys	TLP004934	44	0.5683482785274427	0.313739078980105	0.4631683734606137	0.4754451943857391	0.609736814483664	0.1631493449119577	0.2763769286652163
Green x Mathys	TLP004935	44	0.4039304654988546	0.4717892460482931	0.5122276862897218	0.5481678205794319	0.6643015752589416	0.15171585636191126	0.36575201114054257
Green x Mathys	TLP004937	44	-0.24001203573127106	0.34908529945662625	0.5201895645414023	0.46303064416074474	0.6827464169479434	0.14328310439278913	0.40919607217582404
Green x Mathys	TLP004938	44	0.3578597284272819	0.34533144233508384	0.19320907893376915	0.39494089922187847	0.29112820453585836	0.04693155336883925	0.021378166038302334
Green x Mathys	TLP004940	44	0.5007079654165266	0.41238998909864133	0.44836785290219366	0.5028424234188807	0.571045175221255	0.1370011697072532	0.219248937045419
Green x Mathys	TLP004941	44	-0.036029096012045056	0.514701722494627	0.36719730172986365	0.5993913179898972	0.3263547633386129	0.18251824114589438	0.05306140500362013
Green x Mathys	TLP004942	44	-0.19856260178359658	0.46221708268615563	0.39927699329943506	0.5406493891144737	0.5483875956945994	0.14866306375514632	0.254457823939966
Green x Mathys	TLP004943	44	0.2975994675699143	0.43418903903600964	0.4911120030480424	0.5524747371810687	0.7228425216753567	0.1989038058581011	0.5343595610774181
Green x Mathys	TLP004946	44	0.3480222361916246	0.5236077367191011	0.4244903895331922	0.5854898457336714	0.6345760158058291	0.19756294107765715	0.4088277458814274
Green x Mathys	TLP004947	44	0.5025046610230889	0.4344140708835209	0.4811342174895231	0.5181687733342164	0.6474266155710507	0.13533108831489687	0.3577083874306104
Green x Mathys	TLP004984	44	0.004685528514435761	0.43106140060951176	0.44313510103021214	0.5620836612218524	0.5413908930386796	0.2035846806588568	0.21084111762185212
Green x Mathys	TLP004996	44	-0.003223741139500419	0.3313344027322213	0.4838349926358091	0.48197981597772055	0.7389212707653497	0.17398106191182092	0.5916148156015774
Green x Mathys	TLP005002	44	0.3203560738495192	0.3955655885455541	0.20453232866936247	0.49453932139231516	0.2768260716699548	0.13133339764838078	0.06821688410987903
Green x Mathys	TLP005005	44	0.4130461304250052	0.5052486853364933	0.37036668157166275	0.593411695542046	0.5108301444352964	0.20554145117486278	0.20774254561804553
Green x Mathys	TLP005006	44	-0.0016783802363964017	0.4368906078148773	0.49969440135418014	0.4906363120357384	0.6703944992042127	0.09622688242831573	0.42551293734168655
Green x Mathys	TLP005013	44	0.16686809911441888	0.48358229359353944	0.5176016915132851	0.577052803875829	0.6544126725849982	0.19456098509452052	0.36556621319442484
Green x Mathys	TLP005014	44	-0.05478811034828549	0.42812390065573913	0.4522884344739135	0.5310353653889	0.7422712096147837	0.1594967537381203	0.5815744724820013
Green x Mathys	TLP005020	44	0.006186414621270738	0.41826875486070714	0.36338713208997253	0.5103161852790613	0.5728918668201635	0.16465738811083538	0.270630565228745
Green x Mathys	TLP005021	44	0.6031662192790851	0.38788334107219996	0.3170089485164691	0.5071035657810201	0.4473576809462364	0.1584203829212148	0.16625491999790917
Green x Mathys	TLP005025	44	0.23154883350496808	0.533486539176165	0.47042772966555646	0.602522299137572	0.6270822297531041	0.20312962218280778	0.3286289925055596
Green x Mathys	TLP005035	44	0.3489694387653844	0.4272882869357332	0.404710380841271	0.512466624302265	0.5524299630294948	0.15586066529563414	0.287216400045464
Green x Mathys	TLP005036	44	-0.5877183059004121	0.5871890193062211	0.28972980821446376	0.6705528208944882	0.42209024566059244	0.2853931974039513	0.1461693148543416
Green x Mathys	TLP005038	44	0.4194600953610571	0.38646404519053007	0.4542072269129551	0.5040489428362552	0.586564532246705	0.16821495964072133	0.28943661875853893
Green x Mathys	TLP005040	44	0.6804089301483258	0.34062732120071343	0.37650480327426533	0.4589922025570315	0.5179705910865758	0.13232772079399088	0.21680503834304557
Green x Mathys	TLP005043	44	0.0962349317580825	0.4401443552793433	0.441617635064521	0.5056737729995104	0.6255887544951849	0.11089420724834485	0.37211308177995256
Green x Mathys	TLP005046	44	-0.05578472099368514	0.4695889540786319	0.37750152888610045	0.5572383878095807	0.5478686705915056	0.16808466006499015	0.27983167734434106
Green x Mathys	TLP005047	44	0.53498541333867	0.4159570143399485	0.43169973328391986	0.5202882368764887	0.5795972114072885	0.1622006459203662	0.2911481853411576
Green x Mathys	TLP005057	44	-0.02911532893584904	0.4825014123551175	0.46496991258419185	0.5687006841013864	0.568515990743766	0.1725508324755779	0.23529503245285496
Green x Mathys	TLP005060	44	0.2734690192851737	0.45531369738571453	0.5763738439198405	0.5417925247093327	0.70938582134392	0.17491009995009776	0.43041529028358727
Green x Mathys	TLP005065	44	0.5001105643612013	0.5410769960428523	0.5474345581026043	0.619885146330578	0.8017248316397806	0.23301612821073533	0.6703981644085124
Green x Mathys	TLP005068	44	0.31313090835076623	0.3813288840983387	0.5114050044753367	0.4962650696958487	0.6919496156218855	0.15390168944933025	0.4337796444180621
Green x Mathys	TLP005087	44	-0.044010458742399346	0.29159531373071457	0.5010501868892465	0.41763114088083964	0.6304307107835349	0.10292549439437172	0.30108028806350307
Green x Mathys	TLP005089	44	0.3562262651905027	0.475086594811847	0.4585595842716729	0.5456447889459141	0.7598185793163841	0.15380606336593808	0.628769145868417
Green x Mathys	TLP005096	44	0.43948212575337964	0.45684154893818474	0.48872060024198966	0.5675377912965439	0.5955957589408744	0.20024171849220865	0.2558126893527615
Green x Mathys	TLP005110	44	-0.23254056003295018	0.5089723954103431	0.365745659583703	0.6196722002105204	0.5634020566942076	0.24336117107741434	0.27692603226698304
Green x Mathys	TLP005111	44	0.4246087350628476	0.38747172698749954	0.3814416412039725	0.5256579358065564	0.5248096954008279	0.18050144843259752	0.19382198353716262
Green x Mathys	TLP005118	44	0.06425870329556163	0.4381809311669251	0.1919707901948373	0.5309958731780839	0.30520137059331265	0.15709755011514737	0.034124917984941466
Green x Mathys	TLP005121	44	0.3647122271761435	0.48701630285985414	0.48032288751533087	0.5444539040803152	0.6189979561646269	0.1385706272445266	0.29255957120077636
Green x Mathys	TLP005135	44	0.23656640012846172	0.43938087958846866	0.49777610228563196	0.5390335267175097	0.5872139584584403	0.17864818204344882	0.23225708706504278
Green x Mathys	TLP005143	44	0.2933169098566742	0.46084338170629113	0.5679801665244076	0.5510692151925687	0.8423354012086524	0.17251005517548143	0.7460154262849876
Green x Mathys	TLP005146	44	0.07476611808419784	0.48026267654134686	0.548331142707889	0.5475526367568953	0.6726627432441457	0.14335535757322132	0.4032952220674818
Green x Mathys	TLP005147	44	0.001645588092796003	0.4736324843613575	0.3111862886368088	0.5579554804435312	0.44623337259490803	0.1762317915198628	0.15154864843892768
Green x Mathys	TLP005149	44	0.4777854486149645	0.48356468445086415	0.43832006144407276	0.5425973255703668	0.5363130668649897	0.147614201659019	0.18499210970986407
Green x Mathys	TLP005150	44	0.1308720561138295	0.4552797523124832	0.3868393676116318	0.5683200353959659	0.6040490106428419	0.22069872071617727	0.3717726696832861
Green x Mathys	TLP005154	44	0.4519645083679867	0.4217899688773631	0.45427484994700745	0.519219928507529	0.6715486563832226	0.15488456763839403	0.4334811269950567
Green x Mathys	TLP005157	44	0.4251310655947488	0.40032742244479136	0.4415970040238545	0.5600953663455912	0.6131858017134761	0.23697040579578027	0.3161372099200656
Green x Mathys	TLP005159	44	0.03678322014259634	0.4997452953193081	0.359232523790876	0.6087879152552779	0.4632649989388263	0.23199445051375617	0.1442183249050323
Green x Mathys	TLP005839	44	0.1919756925436216	0.44642730074292813	0.4884712407555964	0.5365466278994742	0.7079263548596552	0.16819022180095702	0.4927501004354606
Green x Mathys	TLP005854	44	-0.03433762356540548	0.35144165345275397	0.436495950113064	0.4942989324312526	0.5077810657619657	0.19015207909786544	0.1560764542645885
Green x Mathys	TLP005879	44	0.11849043942145396	0.4330419068120975	0.3624029290202504	0.5450113389108344	0.5359893522881779	0.20059459299338067	0.2684806456305624
Green x Mathys	TLP005891	44	0.08520831709707075	0.45004569614027085	0.5206882761901354	0.5520090867285365	0.6571954265029554	0.1635593930240818	0.3228689897312389
Green x Mathys	TLP005918	44	0.14362828126277283	0.4359365207890716	0.48153658230108515	0.5526785580541089	0.6458602687876827	0.18127710475550893	0.36444075310908675
Green x Mathys	TLP005943	44	0.09758493249637562	0.33514406703977945	0.24980212205503471	0.4962773902620851	0.3238658885412727	0.17589694162760178	0.0488930993352658
Green x Mathys	TLP005946	44	0.017850396126199257	0.5068564480160705	0.45574999654537734	0.5403862571414065	0.7105601882171785	0.1311806545908093	0.4964151613926648
Green x Multiome	TLP004225	38	-0.42345850611216335	0.3811494296057818	0.6225405843624546	0.462819464181819	0.7104281966450212	0.10094458078748145	0.45012403257496353
Green x Multiome	TLP004228	38	-0.20954679590948747	0.5560288204239854	0.32633715049930506	0.6493435908794923	0.5108427014087955	0.2869219003870148	0.2635834272621844
Green x Multiome	TLP004231	38	0.23027433972616226	0.5148271738367893	0.5962262106774621	0.594730521039347	0.8126121369649079	0.20651936187666375	0.6983512895828584
Green x Multiome	TLP004238	38	0.2238636110728086	0.43389343174235195	0.571920567572324	0.5857925106728731	0.768917057717132	0.2798173846237443	0.6038447301313669
Green x Multiome	TLP004251	38	-0.23534457561223437	0.37818505119302004	0.44764491203812673	0.5061056853097317	0.6634671591112141	0.15584805062572937	0.44744855054189364
Green x Multiome	TLP004266	38	0.15387518269050193	0.42328098190053964	0.4550943014874991	0.5240122447641387	0.6361610258497821	0.15039351765881107	0.408552915521962
Green x Multiome	TLP004271	38	0.2894827531374886	0.4376307767708498	0.6162041945235046	0.5436046331309003	0.8668904531285484	0.16654023908706544	0.8223254279449286
Green x Multiome	TLP004281	38	-0.05690669287510253	0.4417379790365039	0.4216487243551636	0.5491542623036584	0.5936521896562167	0.1772650962529933	0.34477510078392243
Green x Multiome	TLP004305	38	0.049257943522433206	0.7212138682724518	0.48155630315071296	0.7106165960666854	0.7121185015749408	0.3569978842082334	0.5366601336049485
Green x Multiome	TLP004318	38	0.19172825633025864	0.3925927550672776	0.45446890061222334	0.5247413251856399	0.6825527741778292	0.19330482202370627	0.49921591080277966
Green x Multiome	TLP004321	38	-0.06097750089561248	0.4089715957153369	0.4963460454021987	0.5305992914951119	0.6208581430134992	0.2043065837119897	0.32604518381289543
Green x Multiome	TLP004322	38	-0.23226843314297	0.3841436916751718	0.640649515830312	0.470374573235253	0.7078732528148411	0.10865498951238312	0.3977162296843868
Green x Multiome	TLP004325	38	0.3469051912920698	0.42278603216836913	0.4409193555500306	0.5415801588059542	0.5773750205443257	0.19659011175837776	0.29367415061054514
Green x Multiome	TLP004371	38	0.1686682244658599	0.38674357049082025	0.43177779099631586	0.4940814856232051	0.5631441446872483	0.1633734005588783	0.2707770088074098
Green x Multiome	TLP004401	38	0.04693064999055669	0.4928305262191587	0.4434426583733295	0.56662754842792	0.5586929705478078	0.17827546700140248	0.24597545999941467
Green x Multiome	TLP004415	38	0.016172762396972743	0.4555566029828066	0.5375014183427996	0.5651051744987466	0.6993762158779574	0.20186907664089623	0.4699792991000437
Green x Multiome	TLP004435	38	-0.06702953215953826	0.41830870556237965	0.6622995601105399	0.5050173091522954	0.7166332938604337	0.13439479897475382	0.3782148643654587
Green x Multiome	TLP004444	38	0.5219241198772847	0.39405153462322495	0.33576579394495293	0.4752814694522891	0.4514641644787899	0.11850140948601011	0.15940360881175467
Green x Multiome	TLP004459	38	-0.0028171928416759313	0.35713160697345364	0.5138926217265025	0.518291926800382	0.7270669809966124	0.18918510050691528	0.5464635538309632
Green x Multiome	TLP004460	38	0.19777924672805558	0.5097800473825052	0.39145919385144967	0.5907562845211031	0.5741927901794709	0.22105211974475877	0.311701429283236
Green x Multiome	TLP004467	38	0.1678827107511482	0.4817469304543746	0.44738647959250716	0.5817214077903231	0.5576290930755302	0.23353503634352793	0.24999761796012376
Green x Multiome	TLP004474	38	0.4161091026346279	0.5021375767597305	0.6922144589283561	0.59903141144276	0.8921052247048504	0.21598361470127908	0.8711471139279958
Green x Multiome	TLP004479	38	0.1606628835126821	0.4367948316048344	0.5252889508483246	0.5526530138260638	0.7052694584008047	0.18767370408383832	0.5089542000342225
Green x Multiome	TLP004482	38	-0.04515234000982167	0.4057316758317167	0.6627646404043486	0.5025916830760496	0.8547444459190392	0.13949045304815672	0.7890785524765754
Green x Multiome	TLP004490	38	-0.10903558403457587	0.6011414467067387	0.3988732344187777	0.6081550737094854	0.51975662740528	0.2213549259254683	0.21201730666151838
Green x Multiome	TLP004509	38	-0.13820034199152195	0.4243781428136346	0.5715873871345645	0.5321920654008538	0.6780729763428192	0.1714569913170581	0.3805929463323544
Green x Multiome	TLP004533	38	0.2587505902556256	0.4563112277188333	0.4669282155239433	0.5792049924603857	0.6205558930406524	0.2201129182911931	0.3569653436065989
Green x Multiome	TLP004543	38	0.025793981730566934	0.46287976581155277	0.4889591271461703	0.5496629182504504	0.5951991732307379	0.19440730212825102	0.28026741727184706
Green x Multiome	TLP004551	38	0.4174680682548276	0.40081064446534787	0.4478417289874821	0.46093641011328557	0.5036410511732733	0.10259988309977985	0.14205025252514572
Green x Multiome	TLP004563	38	0.019289239663112325	0.42820391686705456	0.5862744740808836	0.524633580030073	0.7211497373123331	0.16378590439584473	0.47474834153804046
Green x Multiome	TLP004574	38	0.7396933920208286	0.3927453896057769	0.4326220197666932	0.5050147869500933	0.6276386994677944	0.1554811672461412	0.4002037482026562
Green x Multiome	TLP004578	38	0.3506526903949562	0.42910485280844907	0.27377220175791983	0.4804338418611895	0.4281890897551632	0.10499652669598801	0.18614748561743874
Green x Multiome	TLP004582	38	0.27834664959153116	0.41550099337895346	0.30839736724799416	0.5150096542940574	0.5164278637015166	0.14568946246652326	0.28697571836233327
Green x Multiome	TLP004591	38	-0.37489939903091357	0.49307188577943	0.423367908591863	0.5588485693503856	0.7573012480258583	0.15336872182019526	0.6352259834121536
Green x Multiome	TLP004595	38	0.6072211365182807	0.4451576117785649	0.4101474512275811	0.5412486866234335	0.5187030140922935	0.21381832389957509	0.2305573467866907
Green x Multiome	TLP004610	38	-0.33262477198219614	0.5780993739629517	0.3547864872046511	0.6052786862471481	0.49338782185441904	0.18863665065997498	0.20850049337737336
Green x Multiome	TLP004611	38	0.29284663383329107	0.3611862777824489	0.46772474935333275	0.4875562646224849	0.7536906247588494	0.16630087254510056	0.6305497176810074
Green x Multiome	TLP004616	38	-0.11760402491464884	0.4634239575094771	0.2887122152354661	0.5609467691514642	0.4979883114557468	0.18604886522750191	0.2751592175232939
Green x Multiome	TLP004619	38	0.14228671378957666	0.4425384093493559	0.45143385535649977	0.5182477489310148	0.6261308844465452	0.1257325227771586	0.380527601811313
Green x Multiome	TLP004622	38	0.3926248028293705	0.42076830677175403	0.47879584921063845	0.5320084541304478	0.6365780316069801	0.17006481271214252	0.38297645917743245
Green x Multiome	TLP004646	38	0.05366417741747058	0.4521414385647691	0.5035777590990909	0.5523506011320467	0.6330852224735039	0.19582910847770402	0.3609687636295198
Green x Multiome	TLP004647	38	0.0012241098851031725	0.47107950193595344	0.3284839265882713	0.5685789521503725	0.5162038639345732	0.20793099097003162	0.2710785931106852
Green x Multiome	TLP004663	38	-0.4421174824091288	0.5230925722575757	0.34334063804736453	0.5652202311054353	0.5062841339823805	0.14515413425881354	0.25929806794857985
Green x Multiome	TLP004674	38	0.19747813437259965	0.38785480532512506	0.36126160147291775	0.5282240839716408	0.5675076426281718	0.1843000581750231	0.33600946631547884
Green x Multiome	TLP004675	38	-0.11142576877950441	0.48193309932530654	0.5544318808899695	0.5588628707407102	0.6452368872698689	0.18282718158574462	0.33475675254796694
Green x Multiome	TLP004682	38	0.07366086110797182	0.43309284031373596	0.3690941169415727	0.5296822554043417	0.563411765371141	0.1626168901462804	0.33796963806957253
Green x Multiome	TLP004685	38	0.6171700081141415	0.5205371185890943	0.6793984238134252	0.6118222593528624	0.8133575674501219	0.23049323502905658	0.6458115729091097
Green x Multiome	TLP004703	38	0.13904085873509345	0.48014869369683627	0.40297863777556564	0.5737241442817238	0.6172178433456519	0.2142751802117045	0.4068074830127861
Green x Multiome	TLP004707	38	0.029983310689740552	0.34675656031188334	0.5770592386883936	0.4736579001512271	0.7532452829352193	0.1393263892540614	0.5682927477650341
Green x Multiome	TLP004717	38	0.22466483369486784	0.5076702151041276	0.483338925636333	0.5821618750897384	0.5771445376551728	0.19670250326554203	0.2518415525202354
Green x Multiome	TLP004719	38	0.3808681290431197	0.4912289165624963	0.5964144760489003	0.5934727825358908	0.7550189296755806	0.23610068494279857	0.5613766547784869
Green x Multiome	TLP004727	38	0.22326065607588233	0.432037214963288	0.5687223340148673	0.5727830298306971	0.6666749599700229	0.22048948701268056	0.3601037929184601
Green x Multiome	TLP004732	38	0.19164484651277752	0.4187024956062185	0.36519505018131593	0.4991950957439628	0.4855112435202472	0.1400375346682724	0.1882160672994456
Green x Multiome	TLP004735	38	-0.15516335143890245	0.45397514070302036	0.33612575724672333	0.5335255477754909	0.5322679743240607	0.13805479855528777	0.3062668805633181
Green x Multiome	TLP004740	38	0.2611129070771168	0.5145921718414882	0.48586970221581344	0.6010765295103462	0.6730392949937914	0.22570033281936946	0.4413303462068363
Green x Multiome	TLP004741	38	-0.1793309657422548	0.4134576301005699	0.576129128700112	0.5510966538149281	0.7192858762482921	0.19868794071540824	0.47132996124687815
Green x Multiome	TLP004749	38	0.3303368982210067	0.20422647144336442	0.4728577293757179	0.3867289158716795	0.7983392067883418	0.16248258405837393	0.730816001603222
Green x Multiome	TLP004751	38	-0.30486502822940215	0.37259001665994823	0.6149221958390028	0.4833151121213742	0.7861229245235468	0.14891219486378823	0.6333528467060524
Green x Multiome	TLP004763	38	0.07455082945821827	0.45309838807927805	0.5483904522297947	0.5392979986888008	0.7373911059753456	0.16801001541200397	0.5581315430601613
Green x Multiome	TLP004764	38	0.26956394301841485	0.42927326339229793	0.5665224671783348	0.5278531234354045	0.7759900006033382	0.14752477925905094	0.6304767325571453
Green x Multiome	TLP004771	38	0.11155689018477492	0.4356156354054072	0.5547661000023207	0.5193880288242819	0.7428418742888504	0.14190504354799915	0.5412232536726841
Green x Multiome	TLP004778	38	0.16279496747992614	0.48200670595984907	0.6167682812586202	0.6092481974255437	0.6985779321426338	0.25734858093494895	0.39739262174279766
Green x Multiome	TLP004779	38	0.5738396968700311	0.3634268924720632	0.39448947310125454	0.49434193152514966	0.4967999068239909	0.15807241906352612	0.18779729034944098
Green x Multiome	TLP004788	38	-0.0768963215910461	0.45922975002181976	0.37735914737032594	0.5449663637787127	0.534806534619664	0.18406041525520453	0.2717589521203066
Green x Multiome	TLP004794	38	0.2825403463350331	0.5005326322798356	0.6668616836668957	0.592457734029249	0.7386256089922639	0.24502979806450342	0.4903579547450363
Green x Multiome	TLP004814	38	-0.11274637371856705	0.3472586952688528	0.5487748144592267	0.47444987325591514	0.6336627449347148	0.15064989964280373	0.31775529541670966
Green x Multiome	TLP004845	38	-0.19461833805186002	0.3703927212361403	0.5823080627078857	0.4902534071305788	0.7858529025445267	0.1375885277185209	0.6373742457510306
Green x Multiome	TLP004851	38	-0.054185075019930654	0.3561241023784337	0.4528645733418175	0.44604980873928796	0.5724959812575406	0.1248245571769475	0.26487698594471093
Green x Multiome	TLP004855	38	-0.3452593875789742	0.42012627281042403	0.6077910987159072	0.5409586657807701	0.8061109826596423	0.21627990514222398	0.6805124759395723
Green x Multiome	TLP004857	38	0.4748714917694934	0.38307637193764166	0.34601257602736446	0.5078375069619354	0.5868022847730733	0.16685155098617746	0.3878139747140732
Green x Multiome	TLP004866	38	0.5091562164431855	0.4844081003280032	0.36755005465941004	0.5782467385962096	0.5272232915107427	0.19521904386459	0.24497655541773145
Green x Multiome	TLP004879	38	0.009972341502035183	0.4661553187109333	0.41513272756332326	0.5497051239666237	0.5513478942427444	0.16858252322889677	0.26204400764618585
Green x Multiome	TLP004889	38	-0.4963667759812057	0.47741691704762607	0.35992906248200296	0.5623639579890763	0.5809073059289313	0.16870172385555954	0.3840185394004852
Green x Multiome	TLP004916	38	-0.11702670065058529	0.4085539217029436	0.5765317074059495	0.5131517550005368	0.7428915023131077	0.15128344926267112	0.5341402440243745
Green x Multiome	TLP004935	38	-0.17596924215172685	0.4717892460482931	0.4638950080476036	0.5481678205794319	0.5501085747991951	0.15171585636191126	0.2203385814800351
Green x Multiome	TLP004948	38	0.4931736328047432	0.43004946235997726	0.423381049158272	0.5171079637379757	0.509755491845545	0.1634552804133802	0.17428053809324826
Green x Multiome	TLP004963	38	0.30356352093701233	0.4646374106059381	0.5979875058163608	0.552447158883325	0.7599051468930289	0.17923103472865523	0.5671871672903277
Green x Multiome	TLP004977	38	-0.2677825056069522	0.4383027684764425	0.43746942358212537	0.5340501366004662	0.7856881083689309	0.14532160487491397	0.7071008266404094
Green x Multiome	TLP004984	38	0.06050612551401423	0.43106140060951176	0.404105991571722	0.5620836612218524	0.6091113207656866	0.2035846806588568	0.39243307293953394
Green x Multiome	TLP004996	38	0.5255385800976567	0.3313344027322213	0.4502272566746005	0.48197981597772055	0.606575543826038	0.17398106191182092	0.34754698931024625
Green x Multiome	TLP004998	38	0.18846715290305796	0.41313100956039156	0.5412516847594742	0.46435910525587354	0.5928499181437711	0.0953770691919721	0.22911846000178065
Green x Multiome	TLP005001	38	0.490259300547274	0.4402975378898655	0.6851321947438855	0.513906397625534	0.8124410112264187	0.13591115528963466	0.6596966238824129
Green x Multiome	TLP005002	38	-0.10288874768338573	0.3955655885455541	0.579265351112754	0.49453932139231516	0.7190968012177678	0.13133339764838078	0.49296573961883994
Green x Multiome	TLP005006	38	-0.09953259002401914	0.4368906078148773	0.4910995032610047	0.4906363120357384	0.5842710599449363	0.09622688242831573	0.259674675540855
Green x Multiome	TLP005013	38	0.08868598981288675	0.48358229359353944	0.5115134786507826	0.577052803875829	0.7601896208658134	0.19456098509452052	0.6199150479889393
Green x Multiome	TLP005014	38	0.017140717071321344	0.42812390065573913	0.5465580770538916	0.5310353653889	0.719131161702105	0.1594967537381203	0.5049050782199368
Green x Multiome	TLP005020	38	-0.037156082117635894	0.41826875486070714	0.5703797482627001	0.5103161852790613	0.6330118381089557	0.16465738811083538	0.27885213140838133
Green x Multiome	TLP005021	38	-0.2133830258346364	0.38788334107219996	0.537206616818428	0.5071035657810201	0.6959408199675768	0.1584203829212148	0.4521940859488214
Green x Multiome	TLP005025	38	0.5924339390998953	0.533486539176165	0.5861557076163356	0.602522299137572	0.6616608898499216	0.20312962218280778	0.3277874666268613
Green x Multiome	TLP005036	38	-0.39969220247763043	0.5871890193062211	0.5006209931368741	0.6705528208944882	0.7153559240540845	0.2853931974039513	0.5409883553127107
Green x Multiome	TLP005047	38	0.1609388532176911	0.4159570143399485	0.7058305851370772	0.5202882368764887	0.8852649855739929	0.1622006459203662	0.8589337478352108
Green x Multiome	TLP005065	38	-0.17987584445946517	0.5410769960428523	0.4553660291311773	0.619885146330578	0.5050993457956353	0.23301612821073533	0.14280228430091746
Green x Multiome	TLP005075	38	-0.1910775553826715	0.3568671566919619	0.5399373770954345	0.48565564161872776	0.6889642043027325	0.16346872765362339	0.4461068593648411
Green x Multiome	TLP005084	38	0.42510073019780764	0.609071214583843	0.5975301908458623	0.6489246771619129	0.7027726385898017	0.23414726641356795	0.43278147820754653
Green x Multiome	TLP005092	38	-0.15207689448406417	0.3883588115414389	0.5782522680354906	0.47941128844195463	0.7461186104874278	0.1343489831447615	0.5551491040180582
Green x Multiome	TLP005099	38	0.32703598445887266	0.45803277458931996	0.5290877800956768	0.5355078989204707	0.6384324763303757	0.15407290350818598	0.3353079544110844
Green x Multiome	TLP005102	38	0.4809877398415058	0.36596772743169426	0.4329501626057274	0.5066865200071944	0.5732538541283397	0.1701256559028884	0.28256277081483033
Green x Multiome	TLP005115	38	-0.034228926264229534	0.44508536064204535	0.478195490295125	0.552509261271518	0.5997378849238088	0.21533863651600044	0.29997645764587344
Green x Multiome	TLP005121	38	0.27991352283614607	0.48701630285985414	0.7479254985740376	0.5444539040803152	0.9017965815043094	0.1385706272445266	0.8899725337041632
Green x Multiome	TLP005828	38	0.15369301844732444	0.47780521989026703	0.4598440409966312	0.5874852932290647	0.5927135525269183	0.2741029885739908	0.3085504719369585
Green x Multiome	TLP005879	38	0.011475096256322556	0.4330419068120975	0.5031622321223146	0.5450113389108344	0.6788314268379734	0.20059459299338067	0.4641776482782126
Mathys x Multiome	TLP004124	40	0.16400425255325937	0.5350188259485691	0.8042608415050515	0.6790446521520132	0.8853177845715605	0.4067285088423486	0.8401787061713197
Mathys x Multiome	TLP004205	40	-0.00599941887806713	0.34857336315200715	0.38176212444987145	0.5448059487235124	0.5813905074149398	0.2653308108557272	0.34672943277014123
Mathys x Multiome	TLP004208	40	0.08895772689980047	0.46374290533248225	0.551097722554657	0.5966929373022761	0.7289814508707377	0.25850265489004404	0.49443051269346655
Mathys x Multiome	TLP004225	40	-0.238510571087245	0.3795233083768137	0.6225405843624546	0.47881501225871703	0.7104281966450212	0.1584890422620556	0.45012403257496353
Mathys x Multiome	TLP004231	40	-0.24004116665481393	0.3827001606652849	0.5962262106774621	0.5749797133345643	0.8126121369649079	0.3169793068631756	0.6983512895828584
Mathys x Multiome	TLP004238	40	0.38581574639104754	0.47161729494655286	0.571920567572324	0.6695565583003463	0.768917057717132	0.4387089177252978	0.6038447301313669
Mathys x Multiome	TLP004251	40	-0.19247942740982854	0.35074469542099007	0.44764491203812673	0.555196306704071	0.6634671591112141	0.3035657854985577	0.44744855054189364
Mathys x Multiome	TLP004266	40	0.27023309157165787	0.3170102687893106	0.4550943014874991	0.43121959016384265	0.6361610258497821	0.13634379645053973	0.408552915521962
Mathys x Multiome	TLP004271	40	-0.04194306864935066	0.290850096808499	0.6162041945235046	0.43392143283945883	0.8668904531285484	0.14200749710998184	0.8223254279449286
Mathys x Multiome	TLP004275	40	0.4139318166566244	0.4973407214676224	0.5907676703200112	0.7372643314689719	0.7587518282370552	0.5547938482343759	0.57423357867513
Mathys x Multiome	TLP004281	40	-0.12330126761478064	0.3866748575627067	0.4216487243551636	0.6501595445789171	0.5936521896562167	0.46493274484690483	0.34477510078392243
Mathys x Multiome	TLP004282	40	-0.08419383861952386	0.3835752820849303	0.566506457268995	0.5167484745151648	0.7643929690505367	0.19235636567494596	0.6078392431430598
Mathys x Multiome	TLP004283	40	0.4351007561537136	0.41575780803492707	0.5409555662527382	0.5222731393241017	0.650080317022612	0.1916802736639743	0.36635683234494143
Mathys x Multiome	TLP004289	40	0.2567500092211153	0.4520808053788846	0.5477326388522463	0.6927712616777577	0.7508566773621791	0.5016045564429441	0.590633038063536
Mathys x Multiome	TLP004297	40	0.377645175434037	0.4977573886514516	0.36894491071587615	0.5737793364595846	0.505238026307851	0.22299266934086062	0.2271631734442084
Mathys x Multiome	TLP004319	40	-0.03561362484657697	0.42584195347164217	0.7268939635032672	0.6061283834091602	0.8470538048808843	0.26900889867054906	0.7279779812053776
Mathys x Multiome	TLP004322	40	0.14802746880291362	0.42570914438877233	0.640649515830312	0.5273752303926168	0.7078732528148411	0.20179289239769208	0.3977162296843868
Mathys x Multiome	TLP004325	40	-0.0948506994395466	0.6210540961958231	0.4409193555500306	0.8716327814708505	0.5773750205443257	0.8206016942285356	0.29367415061054514
Mathys x Multiome	TLP004326	40	0.013704609234650156	0.41430739314870285	0.5203082684470866	0.5023454537570842	0.6539251366090854	0.15557042214397826	0.38446857772156157
Mathys x Multiome	TLP004338	40	-0.1115389178414629	0.40769977567676324	0.509668009357011	0.5478078986941413	0.7041219397737728	0.2462780077832774	0.4947045533158874
Mathys x Multiome	TLP004344	40	0.3021563873887022	0.4984501571925497	0.502677428984597	0.6155285415713679	0.6471614813991796	0.2892506416513534	0.37255322776499195
Mathys x Multiome	TLP004435	40	-0.3325667379913028	0.4051617833233855	0.6622995601105399	0.503495095910688	0.7166332938604337	0.176700025839098	0.3782148643654587
Mathys x Multiome	TLP004444	40	0.19013946994725037	0.4627529600807877	0.33576579394495293	0.6156744618628504	0.4514641644787899	0.34176474532621837	0.15940360881175467
Mathys x Multiome	TLP004459	40	-0.26245624629190134	0.2853402044779837	0.5138926217265025	0.4393727062863909	0.7270669809966124	0.19784878913913342	0.5464635538309632
Mathys x Multiome	TLP004464	40	0.1553957978756296	0.4385738478817052	0.410658436276155	0.5895307605998724	0.6498500800664428	0.27422728575158883	0.4595848406027533
Mathys x Multiome	TLP004475	40	0.3893174755149425	0.3884285393926764	0.47400632273348725	0.6532695765856336	0.6781242788857087	0.35267104256891524	0.47560510775549986
Mathys x Multiome	TLP004481	40	0.1854529332041055	0.19398856012982005	0.6784245204735503	0.2156312463919611	0.8467983550881717	0.01764612524238794	0.7509018771786367
Mathys x Multiome	TLP004490	40	-0.28071505378753064	0.7313428800785335	0.3988732344187777	0.8180516927791214	0.51975662740528	0.6262448068978552	0.21201730666151838
Mathys x Multiome	TLP004529	40	0.30651023663752214	0.44274495386465657	0.44542013888697357	0.7057501751657934	0.578645649199934	0.46849986938215055	0.2875352209820093
Mathys x Multiome	TLP004533	40	-0.18298097735552415	0.43736703394806803	0.4669282155239433	0.6393130907083484	0.6205558930406524	0.4059601006709563	0.3569653436065989
Mathys x Multiome	TLP004543	40	0.24136721882460935	0.5674395517053666	0.4889591271461703	0.7121930928089962	0.5951991732307379	0.43818102643404616	0.28026741727184706
Mathys x Multiome	TLP004551	40	0.48139341299538113	0.426601438593911	0.4478417289874821	0.6309685076941007	0.5036410511732733	0.37762972564455843	0.14205025252514572
Mathys x Multiome	TLP004563	40	0.15150445464605006	0.4726823705429334	0.5862744740808836	0.6193955642404405	0.7211497373123331	0.33409550789841763	0.47474834153804046
Mathys x Multiome	TLP004582	40	0.3746725540203522	0.394808695335703	0.30839736724799416	0.5890261520203318	0.5164278637015166	0.33679925675704114	0.28697571836233327
Mathys x Multiome	TLP004595	40	0.6057603390216538	0.44225573167285326	0.4101474512275811	0.5790226761059947	0.5187030140922935	0.29486340835708824	0.2305573467866907
Mathys x Multiome	TLP004602	40	0.15012146936108506	0.4026175314408489	0.4390386375105491	0.5230908014436025	0.5444491119004231	0.22106915887073245	0.22244924991991946
Mathys x Multiome	TLP004616	40	-0.11010538330131779	0.48317342798860674	0.2887122152354661	0.5856356055031986	0.4979883114557468	0.22073505116475736	0.2751592175232939
Mathys x Multiome	TLP004619	40	-0.027792581532823907	0.4153821515965682	0.45143385535649977	0.5481604035852256	0.6261308844465452	0.2360071365390851	0.380527601811313
Mathys x Multiome	TLP004622	40	0.31621288923309826	0.35118451856920674	0.47879584921063845	0.49289647746925863	0.6365780316069801	0.2072522500390044	0.38297645917743245
Mathys x Multiome	TLP004624	40	0.306563155460528	0.40611660724015025	0.4539891556869128	0.5415807578442928	0.5470915307682782	0.23588471819879744	0.21651705068714983
Mathys x Multiome	TLP004646	40	0.15994704714515348	0.5478802315478055	0.5035777590990909	0.638527794184213	0.6330852224735039	0.2577193756309884	0.3609687636295198
Mathys x Multiome	TLP004647	40	0.6077335792037147	0.3651639138692261	0.3284839265882713	0.47064122877061654	0.5162038639345732	0.14082707013181459	0.2710785931106852
Mathys x Multiome	TLP004674	40	0.5466945975614523	0.41113511191212526	0.36126160147291775	0.5902446388043657	0.5675076426281718	0.32346155555446515	0.33600946631547884
Mathys x Multiome	TLP004682	40	0.08680494248030708	0.4184389403763795	0.3690941169415727	0.5718407453834029	0.563411765371141	0.2662122237542067	0.33796963806957253
Mathys x Multiome	TLP004685	40	-0.00123150035045568	0.46792436233955864	0.6793984238134252	0.8113195802265672	0.8133575674501219	0.7297050184448779	0.6458115729091097
Mathys x Multiome	TLP004703	40	0.15879531791551843	0.4218833753751199	0.40297863777556564	0.6582389541217676	0.6172178433456519	0.4522248988244023	0.4068074830127861
Mathys x Multiome	TLP004714	40	0.051964836415882905	0.4329036288298686	0.5727552973575144	0.557378294166076	0.7430342664011949	0.24251761203111563	0.5450222099864768
Mathys x Multiome	TLP004717	40	0.11869138868795663	0.4708030701795665	0.483338925636333	0.6565981909190535	0.5771445376551728	0.40994501181238735	0.2518415525202354
Mathys x Multiome	TLP004748	40	0.07676435429099009	0.43137542172616017	0.6067351942108388	0.49522920423604194	0.7528721004386218	0.12570399726761866	0.5546738046206346
Mathys x Multiome	TLP004751	40	-0.42868169773172965	0.3705088254174931	0.6149221958390028	0.573292661417779	0.7861229245235468	0.31774366981396124	0.6333528467060524
Mathys x Multiome	TLP004763	40	-0.18724686094960744	0.34226344816672244	0.5483904522297947	0.5052071123708425	0.7373911059753456	0.22003768333909243	0.5581315430601613
Mathys x Multiome	TLP004766	40	-0.056169934028185514	0.41250043196746256	0.4514182738946483	0.6688578780861185	0.6289632404747314	0.47415650983024976	0.3870556980746707
Mathys x Multiome	TLP004769	40	-0.3929602538573218	0.4581745108061093	0.23265054041849825	0.629343599464679	0.3786284441089648	0.3715148707240799	0.1770891075908312
Mathys x Multiome	TLP004771	40	0.21264290087390939	0.4690622896978572	0.5547661000023207	0.6264953607106932	0.7428418742888504	0.38000242909621873	0.5412232536726841
Mathys x Multiome	TLP004788	40	-0.5316875657656939	0.6380649887817016	0.37735914737032594	0.7939471934638542	0.534806534619664	0.5910136901540287	0.2717589521203066
Mathys x Multiome	TLP004789	40	-0.640911993470521	0.5974168749894926	0.25564149878241055	0.7750729697324934	0.40806765260163963	0.5823684144418959	0.16328193450626274
Mathys x Multiome	TLP004814	40	0.4349706381279323	0.4106982918006765	0.5487748144592267	0.591855617265357	0.6336627449347148	0.33020073375275333	0.31775529541670966
Mathys x Multiome	TLP004821	40	0.35781991636033517	0.4852562503929564	0.6623456006251085	0.791817578558901	0.8083890038964697	0.6734437350410322	0.6370754825679888
Mathys x Multiome	TLP004845	40	-0.030011416072207083	0.3530264142512683	0.5823080627078857	0.4770637040965361	0.7858529025445267	0.1801417673489779	0.6373742457510306
Mathys x Multiome	TLP004851	40	0.13047713072374995	0.3808875401720029	0.4528645733418175	0.510554044172212	0.5724959812575406	0.19867579965007484	0.26487698594471093
Mathys x Multiome	TLP004857	40	0.2617935659169238	0.40191025029768307	0.34601257602736446	0.5231976603902336	0.5868022847730733	0.21384692386802498	0.3878139747140732
Mathys x Multiome	TLP004866	40	-0.0017332488961921558	0.6098397408119927	0.36755005465941004	0.7047897450564073	0.5272232915107427	0.39167953016745777	0.24497655541773145
Mathys x Multiome	TLP004869	40	-0.09062849391284639	0.5156001759013028	0.5155059571976554	0.7215479876983831	0.8124667441133109	0.5226854750384685	0.7445339078210435
Mathys x Multiome	TLP004879	40	0.2075456504534137	0.4122004754878039	0.41513272756332326	0.481672010115458	0.5513478942427444	0.1253086092541555	0.26204400764618585
Mathys x Multiome	TLP004889	40	-0.10379361390686538	0.46337455270086325	0.35992906248200296	0.6462070800419101	0.5809073059289313	0.39556799863997133	0.3840185394004852
Mathys x Multiome	TLP004916	40	0.6467006502127636	0.6111714159104192	0.5765317074059495	0.8346035227963896	0.7428915023131077	0.7259992267008607	0.5341402440243745
Mathys x Multiome	TLP004935	40	0.17775260954428512	0.5122276862897218	0.4638950080476036	0.6643015752589416	0.5501085747991951	0.36575201114054257	0.2203385814800351
Mathys x Multiome	TLP004984	40	-0.013251931458832949	0.44313510103021214	0.404105991571722	0.5413908930386796	0.6091113207656866	0.21084111762185212	0.39243307293953394
Mathys x Multiome	TLP004996	40	0.10440555301981612	0.4838349926358091	0.4502272566746005	0.7389212707653497	0.606575543826038	0.5916148156015774	0.34754698931024625
Mathys x Multiome	TLP005002	40	0.1114645205734565	0.20453232866936247	0.579265351112754	0.2768260716699548	0.7190968012177678	0.06821688410987903	0.49296573961883994
Mathys x Multiome	TLP005006	40	0.5415779800553959	0.49969440135418014	0.4910995032610047	0.6703944992042127	0.5842710599449363	0.42551293734168655	0.259674675540855
Mathys x Multiome	TLP005013	40	0.24315251047245384	0.5176016915132851	0.5115134786507826	0.6544126725849982	0.7601896208658134	0.36556621319442484	0.6199150479889393
Mathys x Multiome	TLP005014	40	-0.0029881138665594485	0.4522884344739135	0.5465580770538916	0.7422712096147837	0.719131161702105	0.5815744724820013	0.5049050782199368
Mathys x Multiome	TLP005015	40	0.6359798136686784	0.41267642977717806	0.40036615072802695	0.5282489702081293	0.5596906753223713	0.20511391571792295	0.30912149508529985
Mathys x Multiome	TLP005020	40	0.2468498505261284	0.36338713208997253	0.5703797482627001	0.5728918668201635	0.6330118381089557	0.270630565228745	0.27885213140838133
Mathys x Multiome	TLP005021	40	-0.2818828679899928	0.3170089485164691	0.537206616818428	0.4473576809462364	0.6959408199675768	0.16625491999790917	0.4521940859488214
Mathys x Multiome	TLP005025	40	0.15575687588356196	0.47042772966555646	0.5861557076163356	0.6270822297531041	0.6616608898499216	0.3286289925055596	0.3277874666268613
Mathys x Multiome	TLP005036	40	0.3136888855869454	0.28972980821446376	0.5006209931368741	0.42209024566059244	0.7153559240540845	0.1461693148543416	0.5409883553127107
Mathys x Multiome	TLP005047	40	0.07278047974710383	0.43169973328391986	0.7058305851370772	0.5795972114072885	0.8852649855739929	0.2911481853411576	0.8589337478352108
Mathys x Multiome	TLP005052	40	0.12696218258453468	0.5427359139208129	0.625467625185515	0.8164257170456958	0.7861136258878625	0.7276287574887211	0.6314496118494218
Mathys x Multiome	TLP005065	40	-0.3353445754202711	0.5474345581026043	0.4553660291311773	0.8017248316397806	0.5050993457956353	0.6703981644085124	0.14280228430091746
Mathys x Multiome	TLP005076	40	0.09604225330303928	0.4906111711465679	0.3759787284568685	0.6616993932656602	0.581895016721454	0.3990575116494213	0.3685495672880635
Mathys x Multiome	TLP005093	40	0.44656129839442577	0.41254823697513093	0.3287606352783285	0.5626966928408708	0.4824664804390912	0.27551395155133546	0.21421287012439463
Mathys x Multiome	TLP005094	40	-0.09713542491995639	0.38777383630698053	0.39064519915611484	0.4539892831763455	0.6426907557733123	0.11296636453585959	0.4640228952169514
Mathys x Multiome	TLP005121	40	0.1762251006542074	0.48032288751533087	0.7479254985740376	0.6189979561646269	0.9017965815043094	0.29255957120077636	0.8899725337041632
Mathys x Multiome	TLP005129	40	0.14405595833259469	0.36125878483097734	0.5637539958954901	0.5480756765663667	0.7094200936651804	0.2652819744185103	0.4471412563398874
Mathys x Multiome	TLP005131	40	-0.08271545801335171	0.389583899794112	0.48527227516788585	0.5576582538100905	0.7321213697644969	0.2587415367981639	0.5597965680299707
Mathys x Multiome	TLP005134	40	0.13842561024052324	0.33594128121640593	0.6748638294956881	0.466940928514323	0.7957178688882759	0.1493785935445751	0.6156702246000234
Mathys x Multiome	TLP005197	40	0.33874091373579057	0.4373760216090859	0.4966944176736985	0.5647525502516173	0.6646621685635999	0.24728872232126614	0.4113133331546667
Mathys x Multiome	TLP005250	40	-0.2718008460071627	0.30816195187877615	0.6759282845832579	0.47472845491152355	0.84644493021846	0.21199196675977627	0.7729569965448289
Mathys x Multiome	TLP005879	40	-0.08519029728981545	0.3624029290202504	0.5031622321223146	0.5359893522881779	0.6788314268379734	0.2684806456305624	0.4641776482782126
Multiome x PsychAD	TLP000563	40	0.2546077109270478	0.5191489325423404	0.38598849929159207	0.7078419895249185	0.6407857994164499	0.47263362563211814	0.35182402621372033
Multiome x PsychAD	TLP000567	40	0.18670833171886797	0.5352803736467038	0.4761360276269763	0.7191096885404286	0.6925355000794372	0.501184946132406	0.4663959628456692
Multiome x PsychAD	TLP000576	40	0.38791876084072985	0.4975028778926519	0.5434271225695857	0.6958844415563761	0.7417027221794374	0.4729884339546565	0.5495842600097378
Multiome x PsychAD	TLP000579	40	0.2158287609207767	0.6203272186330969	0.41468313305260884	0.7623476890155085	0.5146993364322644	0.5489098241478562	0.1791770002252482
Multiome x PsychAD	TLP000585	40	0.07918570956667559	0.3961855385874932	0.5205785474523728	0.5563721549435073	0.6455547170917246	0.2689754236814802	0.2948569238746297
Multiome x PsychAD	TLP000592	40	0.5108543114902422	0.4178000820669162	0.47541882542061364	0.5110796987570745	0.5597089668580041	0.15861871105752925	0.18721703302499937
Multiome x PsychAD	TLP000603	40	0.23794886954418681	0.5430603212864511	0.2633256413061259	0.5984052283824747	0.4370544238854588	0.24913328499468362	0.1776018094458147
Multiome x PsychAD	TLP000613	40	0.3839374716118004	0.47754280991433795	0.6020968375544229	0.5705472360724924	0.6559595783034045	0.22433505400265108	0.34427829004196114
Multiome x PsychAD	TLP004094	40	0.42072882990967114	0.589899929558596	0.4746088001088107	0.6468488008513792	0.629307688268229	0.31526091700200237	0.3258352321696253
Multiome x PsychAD	TLP004095	40	0.07174909127812286	0.5173026647318163	0.4573767423871506	0.710314357293549	0.6239721108547549	0.510561060579475	0.3285612713753956
Multiome x PsychAD	TLP004096	40	0.15833360562190965	0.5001703149908011	0.52546818107677	0.6403152783594491	0.7207994055733067	0.3714486566373204	0.5450130183858618
Multiome x PsychAD	TLP004097	40	0.09569398815875715	0.3755615028305249	0.31179754516802816	0.4900079978206518	0.6240574449537046	0.1730984372365563	0.38801769856687435
Multiome x PsychAD	TLP004098	40	0.45712147225737226	0.6013205432109318	0.6717776117208016	0.5816213303193362	0.6829271397487295	0.15509347346638247	0.393613416420933
Multiome x PsychAD	TLP004099	40	0.03254071256905763	0.562217505925219	0.26391558522158975	0.6772019337315058	0.467211037485059	0.4073520032597653	0.19805592902815886
Multiome x PsychAD	TLP004101	40	0.10888182716731949	0.49056784300731837	0.493541859737524	0.6500562083003583	0.6784140606051267	0.37801072336340885	0.41624422211415835
Multiome x PsychAD	TLP004102	40	0.44424548902788913	0.560429289933527	0.5000913050378102	0.705519839374	0.6349129735712732	0.45817284841445255	0.3294226039255242
Multiome x PsychAD	TLP004103	40	0.15654337334787155	0.49182294229132323	0.4497603540843465	0.6163759547271093	0.6136816147014605	0.3271456882432002	0.26108479129776163
Multiome x PsychAD	TLP004107	40	0.5047909121750024	0.4648558892760841	0.35126570247389244	0.6987923656096008	0.5264519292388163	0.5038583628211386	0.1788651774512331
Multiome x PsychAD	TLP004108	40	-0.17776488968302862	0.5548376402939674	0.3709877808334745	0.7026784213712259	0.57967945820568	0.46128177314613533	0.291939882267606
Multiome x PsychAD	TLP004111	40	0.3236867757399885	0.452431519960181	0.5448176098547375	0.5899487364712557	0.6678259762548424	0.27412945723625615	0.3904732269252067
Multiome x PsychAD	TLP004113	40	0.36713558181856076	0.4535724797075465	0.5581096847713185	0.637582367517336	0.5497636828688341	0.3846192206944967	0.18667605954712488
Multiome x PsychAD	TLP004116	40	0.4473527728140279	0.5333535310082418	0.4322694145990995	0.6096317808427805	0.5860879820392414	0.2736138517498333	0.26506755336904664
Multiome x PsychAD	TLP004119	40	-0.27203057839786354		0.49209512695908153	0.6897924494392281	0.5590937968352538	0.5195533593481404	0.19374769084167096
Multiome x PsychAD	TLP004124	40	-0.02560833980608794	0.8042608415050515	0.4625063709683088	0.8853177845715605	0.6819391927635482	0.8401787061713197	0.49544569621913953
Multiome x PsychAD	TLP004126	40	0.08666930108859074	0.47463911606574355	0.5559827082986706	0.5620362311083708	0.5721055337543759	0.21464708765016213	0.22766725686321568
Multiome x PsychAD	TLP004128	40	0.38783527768386356	0.5550985761844891	0.4224649975424591	0.6423342057403402	0.5326385107419767	0.2988831300684892	0.20926649237419917
Multiome x PsychAD	TLP004129	40	0.1332143731626499	0.5116424453109221	0.5053346936242713	0.6622697006747605	0.6436729202400275	0.41790700844000367	0.34554068994054504
Multiome x PsychAD	TLP004130	40	0.1742000260381035	0.4987298347298239	0.4210456740366812	0.6439554369888106	0.5462097998326859	0.36334141678800547	0.2260252469739276
Multiome x PsychAD	TLP004133	40	0.5481937992475102	0.3717724672445719	0.4194845644735085	0.4952013217258134	0.6394175678337487	0.20423729304085325	0.43706459941184805
Multiome x PsychAD	TLP004136	40	-0.09123872682994345	0.3091417634687906	0.48388151770418664	0.5118801090606545	0.6444788009811313	0.23944429481677063	0.337976806668941
Multiome x PsychAD	TLP004137	40	0.1584084883595857	0.5032411916528883	0.5070104992885989	0.5956516425215987	0.7203652559818381	0.2553510276349399	0.5446898602735002
Multiome x PsychAD	TLP004141	40	0.464539469692446	0.6355903552820243	0.6693823455956489	0.8901291078368698	0.8284037967165184	0.876569679953228	0.6162493484642774
Multiome x PsychAD	TLP004142	40	-0.061894043824661925	0.49088276238296724	0.54221762950732	0.6974917399515433	0.6857277522579008	0.4526686077408184	0.3543199406576074
Multiome x PsychAD	TLP004145	40	0.34432987444279867	0.45876432501244413	0.4324646362470295	0.5484935275243037	0.5230287174935796	0.2192491986232824	0.18321463245912328
Multiome x PsychAD	TLP004147	40	0.410108737812359	0.558462098156514	0.47830108409371197	0.7676716993516249	0.6088664796246462	0.6289051240401313	0.23733835968987899
Multiome x PsychAD	TLP004148	40	0.10709193317172394	0.43576576874588235	0.5277863026856413	0.5736326479284768	0.6618157585428343	0.28561459473076967	0.28108772375275826
Multiome x PsychAD	TLP004149	40	0.6330774793303563	0.37520812035845075	0.34084261995356546	0.46213283161330265	0.5039123017510433	0.13490312898273538	0.19111757607497074
Multiome x PsychAD	TLP004150	40	-0.18677033394628373	0.4620117676892549	0.7200546056466727	0.6368673745911702	0.8032799642176636	0.35989376522214805	0.49438179416774397
Multiome x PsychAD	TLP004151	40	0.08555398365693462	0.4613474402938931	0.3920339840126591	0.6884402624326005	0.5860811689503781	0.46798066614140016	0.26380304398137255
Multiome x PsychAD	TLP004153	40	0.2949675832798227	0.48298866192139756	0.44755181071528893	0.7148530687824871	0.630545306596418	0.5083889174584908	0.35584154850344774
Multiome x PsychAD	TLP004154	40	0.14372054816157948	0.5252568026815181	0.5551116686403585	0.7826045801012721	0.722386700054015	0.6483478752756622	0.5017704639901466
Multiome x PsychAD	TLP004156	40	0.11067378130207081	0.6048231381077159	0.4577530757533719	0.8057955988726031	0.650762332004428	0.661306159478364	0.30180988994571195
Multiome x PsychAD	TLP004157	40	0.4278580796077984	0.4155078897059049	0.45697149393050834	0.6211126441894412	0.7629453335537562	0.42133121510472854	0.479458023482648
Multiome x PsychAD	TLP004158	40	0.17668330481089192	0.5974085929042868	0.38620676277769295	0.6740736475695268	0.4556996127909059	0.3472082508323264	0.10150524944755007
Multiome x PsychAD	TLP004159	40	0.1699945390955672	0.3828753073176716	0.47959182327017397	0.5288114319170887	0.6504911212385559	0.23936856587881894	0.3182074970007864
Multiome x PsychAD	TLP004162	40	-0.07946214994493134	0.4199226500506854	0.47786903232123906	0.5330123185390703	0.5964445749587168	0.20937717335252462	0.30421561643448236
Multiome x PsychAD	TLP004166	40	-0.016475319929639954	0.4841219432565679	0.5910624184204876	0.6844079067891744	0.8115950845289034	0.4768791052236851	0.6209005078879197
Multiome x PsychAD	TLP004167	40	0.25121578605978145	0.5375101316484998	0.4411889360862715	0.5666086500871114	0.516571930104848	0.15649776240379587	0.1532753791895452
Multiome x PsychAD	TLP004170	40	-0.1723647416276543	0.5403863901412951	0.35742959778685757	0.7086564473336158	0.4825731716491337	0.41048760866933	0.15023186790028908
Multiome x PsychAD	TLP004173	40	-0.03494395348073127	0.3737774997472652	0.5827828220064755	0.5070278864053146	0.651451865150609	0.20264887568787626	0.3406824971057239
Multiome x PsychAD	TLP004175	40	0.2921062724497622	0.45671421549481345	0.4672150115184883	0.5167119765541313	0.5870804680048619	0.14339173599276878	0.2531484357753929
Multiome x PsychAD	TLP004176	40	-0.4330738592973121	0.5816688211276942	0.29276086756863107	0.7018956185334941	0.4751611721286673	0.40360077632718394	0.20062152275177683
Multiome x PsychAD	TLP004179	40	0.0771239077824088	0.5256741310810948	0.5204710623483888	0.6077798776672365	0.614446502820613	0.2786514940931862	0.24913556649538093
Multiome x PsychAD	TLP004180	40	0.09811022409016201	0.5900210710682368	0.4364484955155998	0.7587861050490767	0.5975859735843313	0.5674789687246713	0.32366378348188246
Multiome x PsychAD	TLP004186	40	-0.06451407369992339	0.42466449629873526	0.5008112262499924	0.6200927804926294	0.6531475193215325	0.3763139203914146	0.30683361754424976
Multiome x PsychAD	TLP004188	40	-0.14517683354115563	0.6616245590049901	0.5072765043176473	0.7813751627334049	0.555168399035515	0.5594358860416407	0.16667749950232583
Multiome x PsychAD	TLP004190	40	-0.26371755290294097	0.3749761201052439	0.5220924805193369	0.5116356377500693	0.574885273705107	0.2228797862336125	0.15887764424796674
Multiome x PsychAD	TLP004191	40	0.2791970114385381	0.4720818643113539	0.6338314430962311	0.6757047854222256	0.5617228060840649	0.4022964244739436	0.143762610182073
Multiome x PsychAD	TLP004192	40	0.31556040714930195	0.42730453231871934	0.4637328212300393	0.5557962702874641	0.5889246655540448	0.2632569480120743	0.24184968664868303
Multiome x PsychAD	TLP004193	40	-0.03521774559564478	0.4286529299719552	0.48968734340672665	0.5975900380536444	0.5622425102980089	0.32270611085810247	0.14809019492286368
Multiome x PsychAD	TLP004194	40	0.5401408733318365	0.4194174121986847	0.34547019785992894	0.5196614788247426	0.5561368376878885	0.19936745507631812	0.24459021256286037
Multiome x PsychAD	TLP004195	40	0.39895750780806194	0.4828886879170758	0.44341940747590813	0.6884034140320486	0.5491793288975043	0.45055684362822623	0.1823096931531332
Multiome x PsychAD	TLP004200	40	0.00718471149408803	0.5036397614470951	0.48782531868453066	0.6749107085116762	0.6663209951609841	0.4534240139617617	0.43798357664628257
Multiome x PsychAD	TLP004202	40	-0.3453580759026172	0.3245410510777809	0.5277349260678108	0.4433851441759119	0.6085470483527758	0.1675519212770772	0.20981241000007836
Multiome x PsychAD	TLP004203	40	0.202326379705214	0.6156186294167482	0.4609021744334472	0.7581498138671924	0.6724847386248506	0.5283962816543116	0.452213991181246
Multiome x PsychAD	TLP004204	40	0.24337777467017294	0.5113845137180639	0.5282122776103226	0.6453369707862615	0.641480175027222	0.34284262442661695	0.36374157482195
Multiome x PsychAD	TLP004205	40	0.1897201196002447	0.38176212444987145	0.4893195486230114	0.5813905074149398	0.6562151312997899	0.34672943277014123	0.32538494481678715
Multiome x PsychAD	TLP004208	40	0.4058027825212053	0.551097722554657	0.41799579683070287	0.7289814508707377	0.7581357608033866	0.49443051269346655	0.41355824088926796
Multiome x PsychAD	TLP004212	40	0.4414449092140124	0.5634088244711295	0.6118051379324443	0.6441373875910683	0.7793519142833231	0.26917207100204943	0.6030701081417096
Multiome x PsychAD	TLP004213	40	0.2668604836236204	0.5026049447905192	0.4084607871418031	0.6772404256132916	0.6103021738828124	0.4517894420811058	0.343754660967034
Multiome x PsychAD	TLP004216	40	0.5608494467358631	0.5879924340903413	0.5955508997650473	0.6439494168467649	0.6826361853929381	0.28317050987789505	0.3757555988206452
Multiome x PsychAD	TLP004217	40	0.4005861628837588	0.45187696087692936	0.33184628162060564	0.6141594626229548	0.4241722043612799	0.35903083292319865	0.1070971887263632
Multiome x PsychAD	TLP004218	40	0.6051511146341796	0.5662667728723412	0.6052678904766018	0.7094790144215146	0.6968393797414965	0.45711415539153893	0.3990949786020351
Multiome x PsychAD	TLP005084	40	0.03637729890763336	0.5975301908458623	0.4259650648901705	0.7027726385898017	0.5263839115108295	0.43278147820754653	0.18105311859318504
Multiome x PsychAD	TLP005197	40	0.042969220387127714	0.4966944176736985	0.5098010637057515	0.6646621685635999	0.6490724655945099	0.4113133331546667	0.3600875868534569
Multiome x PsychAD	TLP005261	40	0.20280256928274312	0.5043393813250892	0.3676048412198352	0.6953700416893674	0.5500170364569622	0.459152858597182	0.218996046336253
Multiome x PsychAD	TLP005322	40	0.08134104736522146	0.5368752157817829	0.41628977993852556	0.7507293436805584	0.5221184636791953	0.5945633118383303	0.18146851702128186
Multiome x PsychAD	TLP005868	40	-0.131364178547382	0.48941369250307754	0.2377299924318777	0.6072217452567338	0.38331372977355416	0.3167667301886189	0.13056912403378462
Multiome x PsychAD	TLP005892	40	-0.036130152149648896	0.5246907672608982	0.3497366585497735	0.7717998129020491	0.4619423719037616	0.590106739904357	0.1488053090213809
Multiome x PsychAD	TLP005950	40	-0.07814445852834913	0.19272759482039775	0.4963244287566114	0.6471766180643451	0.6680463016416018	0.42524071901925464	0.43866465323974213
BrainSCOPE CMC x PsychAD	TLP003146	30	-0.08645686700468987	0.35678253973107577	0.4549427680670538	0.7714005600714116	0.6624923133028136	0.6589373902000607	0.31855673616367713
BrainSCOPE CMC x PsychAD	TLP003157	30	0.6460485678044748	0.27542504556738656	0.5564431146183421	0.35770992138278546	0.6967668485420376	0.0567077953188678	0.48080480173879653
BrainSCOPE CMC x PsychAD	TLP003170	30	0.10230773504474867	0.47849195512099907	0.47554410778263073	0.5021934504292275	0.5682780828685657	0.06453254984498179	0.23660305579030227
BrainSCOPE CMC x PsychAD	TLP003203	30	0.2909313011583797	0.36927555441679083	0.44215104680413697	0.7083213317899659	0.6368994965300174	0.5193548196228343	0.31018095712690213
BrainSCOPE CMC x PsychAD	TLP003213	30	-0.12965384822014375	0.3148365656923755	0.5874460630963063	0.5241534695490144	0.5104534960626455	0.2323028936278344	0.11033314410531211
BrainSCOPE CMC x PsychAD	TLP003227	30	0.4173139550366746	0.3626700338991457	0.46024348007923654	0.4720915151478966	0.6826845719155409	0.14088704133018704	0.46950740682900194
BrainSCOPE CMC x PsychAD	TLP003229	30	-0.34008545836960413	0.28905551379249916	0.3871777234506005	0.4426974082109599	0.5204976664528275	0.14331217901662072	0.23236123942411702
BrainSCOPE CMC x PsychAD	TLP003243	30	0.08978850153716934	0.4191170881007123	0.46472137316109574	0.6636406217661873	0.7241667115740026	0.41928206957974695	0.5115296833237619
BrainSCOPE CMC x PsychAD	TLP003257	30	-0.10377285456053156	0.2971758341091988	0.4941089144738781	0.5932509195400902	0.7503846879531441	0.40224067320185825	0.47553493429778143
BrainSCOPE CMC x PsychAD	TLP003273	30	-0.09591661125048581	0.31697120888667246	0.3112227820914628	0.6461544497356543	0.6664077334578158	0.46473335931376336	0.5292193266741774
BrainSCOPE CMC x PsychAD	TLP003287	30	0.3625286031169584	0.22638522385069823	0.4916960012669366	0.36651735178012884	0.7744705840109176	0.11750475634430675	0.583438599889519
BrainSCOPE CMC x PsychAD	TLP003294	30	0.028291735118511685	0.38561014417089734	0.39658119557456534	0.46270442419630375	0.6250437541075314	0.1229712675238175	0.37465009247089637
BrainSCOPE CMC x PsychAD	TLP003377	30	0.02552532162044647	0.4047800552659464	0.43791591154076603	0.46594029585213714	0.5906156941788635	0.11976720174752188	0.2986820919920194
BrainSCOPE CMC x PsychAD	TLP003413	30	-0.10865647649051732	0.28645873412942935	0.46604670474368426	0.441551507583067	0.5833422419463625	0.13275921894963325	0.23413086181135645
BrainSCOPE CMC x PsychAD	TLP003466	30	0.0710832364520993	0.3206205635305258	0.5029828274666253	0.664529783698288	0.6849952337239026	0.4732612004350544	0.3717202365381097
BrainSCOPE CMC x PsychAD	TLP003484	30	0.054349753784009226	0.4086182497435106	0.4833815886478394	0.474403155509412	0.6002179444093481	0.09066831777847532	0.28783295444489276
BrainSCOPE CMC x PsychAD	TLP003492	30	0.16402110186777968	0.3972683605333944	0.4936037639589263	0.4296753871728073	0.6942095197627148	0.046137066271875055	0.43123202520914355
BrainSCOPE CMC x PsychAD	TLP003511	30	0.2929286607777498	0.3700666349754994	0.4698578459801803	0.5492555968773202	0.6670146323992628	0.265996053642429	0.4212888677440764
BrainSCOPE CMC x PsychAD	TLP003518	30	-0.1162380705351114	0.4578418076618423	0.34521313667463244	0.49364040959789035	0.7470262965374583	0.09562258399947086	0.6613967107470129
BrainSCOPE CMC x PsychAD	TLP003565	30	-0.07125667532588521	0.3568004854917313	0.5201945535900095	0.4315055965218018	0.7376644055736149	0.09185352207065053	0.460047138475324
BrainSCOPE CMC x PsychAD	TLP003566	30	0.36184751645977	0.28091772321982295	0.40832208818473265	0.5008155850472976	0.6321772061412608	0.24944116931311167	0.31495794592003507
BrainSCOPE CMC x PsychAD	TLP003603	30	0.3236856692073255	0.31782877289462874	0.3478093861054139	0.34849246780864995	0.5281340702239697	0.021689374717235907	0.2117800889749139
BrainSCOPE CMC x PsychAD	TLP003631	30	-0.10931490377977768	0.33453395662378477	0.463532598626252	0.41456283420374473	0.8143266435150005	0.09654002612975683	0.6401719791453618
BrainSCOPE CMC x PsychAD	TLP003649	30	0.3278654741211244	0.27216957588132473	0.3881686340497253	0.5804265787418941	0.5461080904970147	0.3875773378484145	0.2604625374127646
BrainSCOPE CMC x PsychAD	TLP003650	30	0.10047123833647245	0.24044402204379167	0.49595439856991147	0.4594951226115769	0.750802366671922	0.18248842954245825	0.5193033978269681
BrainSCOPE CMC x PsychAD	TLP003696	30	-0.01142788105514874	0.3284476846249914	0.42008516050649897	0.4229432441733134	0.5688025699189113	0.12272502064889969	0.2331541507800924
BrainSCOPE CMC x PsychAD	TLP003698	30	0.14090963637672219	0.3289762856326514	0.4277709048148234	0.7144793927206804	0.7246665913813263	0.549507285812945	0.44003803039588585
BrainSCOPE CMC x PsychAD	TLP003699	30	-0.3795854582422153	0.361254895827975	0.3877034198946393	0.4267451294915766	0.6317979221715904	0.08779539886065185	0.424939480992316
BrainSCOPE CMC x PsychAD	TLP003701	30	0.12920377999419044	0.3531141982444822	0.39328255423452807	0.47554750469661144	0.4990922524771027	0.1888239547947659	0.1840851336062731
BrainSCOPE CMC x PsychAD	TLP003711	30	0.29796149814235345	0.4197496845305345	0.49977577032524373	0.4880271328051943	0.7673122991792664	0.1302062189424453	0.6155160467922655
BrainSCOPE CMC x PsychAD	TLP003732	30	0.2546687081418682	0.36807583917184183	0.3979905948200339	0.6433194782146481	0.692490856872175	0.43226030596108767	0.45068241843521545
BrainSCOPE CMC x PsychAD	TLP003737	30	0.2421782415567627	0.3865030539952147	0.47468515839504355	0.6859622661273567	0.5443107569456064	0.5257295678240257	0.2121789288162141
BrainSCOPE CMC x PsychAD	TLP003746	30	0.396656617553378	0.28902083785436966	0.45733350675413176	0.41805093745040073	0.4537809228737677	0.13338120669571565	0.052471917257723794
BrainSCOPE CMC x PsychAD	TLP003757	30	0.2530498085420052	0.4066061648309852	0.4723397753240937	0.6473990628741747	0.7449190301256513	0.37199656406314713	0.5740978646032934
BrainSCOPE CMC x PsychAD	TLP003772	30	0.449065265509249	0.2701118012651508	0.4327554587091036	0.5732243923422462	0.6838892165525157	0.3439761620838248	0.4279521472590965
BrainSCOPE CMC x PsychAD	TLP003804	30	0.1933075820563857	0.3911370451591548	0.3771819820945882	0.5865968804484997	0.6971059712491804	0.31089606269707537	0.4184320967690704
BrainSCOPE CMC x PsychAD	TLP003806	30	-0.1959217260140561	0.31443657224530785	0.5526069616738987	0.7173651171065317	0.6732757322386334	0.483589194405463	0.4353531386425138
BrainSCOPE CMC x PsychAD	TLP003820	30	0.6148649096344226	0.38668519170530513	0.45045876054754463	0.43462463083896996	0.5867002847504669	0.07297293503892283	0.295800232016344
BrainSCOPE CMC x PsychAD	TLP003828	30	0.642830896977926	0.37432250188730887	0.4323550895744006	0.534417237600514	0.6361358198356748	0.23578433947590827	0.36271383260231477
BrainSCOPE CMC x PsychAD	TLP003833	30	-0.1904919678254105	0.2593774601062136	0.45495478529632205	0.5834614730869522	0.6552595350021627	0.3755722349042606	0.43459879836387977
BrainSCOPE CMC x PsychAD	TLP003836	30	0.17817529091659204	0.2459882584930783	0.7094912463100576	0.3995407286255668	0.7932254461260554	0.12953498462357255	0.5630207958408426
BrainSCOPE CMC x PsychAD	TLP003838	30	-0.1600847244720413	0.3920539385915472	0.535754240001626	0.4282936766816551	0.7228459236725678	0.058846624813523096	0.4166230709015267
BrainSCOPE CMC x PsychAD	TLP003855	30	0.5119044064057487	0.4086145030924086	0.44051336614129766	0.6017510754973141	0.7373405015015704	0.36899325617007256	0.46609075401107947
BrainSCOPE CMC x PsychAD	TLP003871	30	0.019007209051991516	0.4481176574905678	0.41013559475030725	0.6631883433643203	0.6233396701575195	0.4308369884792391	0.32872425826095103
BrainSCOPE CMC x PsychAD	TLP003877	30	0.243840217605118	0.3217392139398137	0.458641880816497	0.5398008751189498	0.7149760345427569	0.3298520037598277	0.45464966371769683
BrainSCOPE CMC x PsychAD	TLP003922	30	-0.1049514771134456	0.2642877839750111	0.42123941756127714	0.3436841416603577	0.5968283137003237	0.0583358222350806	0.2962197415107207
BrainSCOPE CMC x PsychAD	TLP003956	30	0.3780381274638552	0.32728353567886925	0.3859030887884179	0.5122065020746891	0.7263784822990766	0.26549132592086044	0.46597546172258486
BrainSCOPE CMC x PsychAD	TLP003959	30	0.4225609540813739	0.39509682088728393	0.455776949526601	0.49437642021234063	0.6500808399496965	0.19270232638496204	0.42728955613693664
BrainSCOPE CMC x PsychAD	TLP003968	30	0.19252962002575927	0.44215706421847545	0.39097913859212613	0.5738270991325178	0.6250264909180078	0.2665058550123574	0.3744775454752528
BrainSCOPE CMC x PsychAD	TLP003971	30	0.22531826550827838	0.36829847255533243	0.4107065069131999	0.46816770812203945	0.6233517594448115	0.16327645685986622	0.3171402124955743
BrainSCOPE CMC x PsychAD	TLP004011	30	0.3641713296589194	0.42884236986467267	0.3798591219517395	0.533953307829444	0.6601201794644174	0.18585154778572802	0.39581040510762433
BrainSCOPE CMC x PsychAD	TLP004017	30	0.4232890629349131	0.39197999815518414	0.619243004323446	0.6198812609411163	0.66755388051492	0.33643215318982195	0.4423908414189407
BrainSCOPE CMC x PsychAD	TLP004018	30	0.42959000107353035	0.37156520235746154	0.3727968115754034	0.454038461775793	0.5577932571907367	0.11314825101421941	0.22511069110805282
PsychAD x Ruzicka	TLP003146	45	-0.005983949839250263	0.4549427680670538	0.42471775291405817	0.6624923133028136	0.7092381561170285	0.31855673616367713	0.5377810847193346
PsychAD x Ruzicka	TLP003157	45	0.6476643825221473	0.5564431146183421	0.4485346956151319	0.6967668485420376	0.49005179105725494	0.48080480173879653	0.12602655013896366
PsychAD x Ruzicka	TLP003170	45	0.15697365723657236	0.47554410778263073	0.5356989620270385	0.5682780828685657	0.7600247642472323	0.23660305579030227	0.5339508140035271
PsychAD x Ruzicka	TLP003203	45	0.37257459147619815	0.44215104680413697	0.47607749674394323	0.6368994965300174	0.7350279828994527	0.31018095712690213	0.5623089212811064
PsychAD x Ruzicka	TLP003213	45	0.1497577840902618	0.5874460630963063	0.5808968003297634	0.5104534960626455	0.601969730251184	0.11033314410531211	0.2399357813190008
PsychAD x Ruzicka	TLP003227	45	0.35452327320827753	0.46024348007923654	0.4660622533975318	0.6826845719155409	0.5187019041480989	0.46950740682900194	0.18775397496252555
PsychAD x Ruzicka	TLP003229	45	0.2766080487574313	0.3871777234506005	0.46211884495674743	0.5204976664528275	0.6822313413099993	0.23236123942411702	0.4548871251270708
PsychAD x Ruzicka	TLP003243	45	0.006057418271224363	0.46472137316109574	0.4669549672939341	0.7241667115740026	0.6686472514721388	0.5115296833237619	0.38782713037533467
PsychAD x Ruzicka	TLP003257	45	-0.2242199221549619	0.4941089144738781	0.38524133260494	0.7503846879531441	0.6830021142512388	0.47553493429778143	0.5347746706994065
PsychAD x Ruzicka	TLP003273	45	0.1587069654351281	0.3112227820914628	0.42293300105963366	0.6664077334578158	0.7762620689259192	0.5292193266741774	0.6782398733734374
PsychAD x Ruzicka	TLP003294	45	0.06115706365898971	0.39658119557456534	0.478398482441045	0.6250437541075314	0.49335350627614794	0.37465009247089637	0.12838186194332538
PsychAD x Ruzicka	TLP003413	45	0.12914904784308465	0.46604670474368426	0.38027752110190627	0.5833422419463625	0.5530824568134315	0.23413086181135645	0.27127832928136564
PsychAD x Ruzicka	TLP003466	45	0.31124147853128703	0.5029828274666253	0.44111263582703775	0.6849952337239026	0.6250329630282976	0.3717202365381097	0.3767381640633032
PsychAD x Ruzicka	TLP003484	45	0.2134609164259753	0.4833815886478394	0.5183402292039918	0.6002179444093481	0.5837244608947746	0.28783295444489276	0.20260621507027177
PsychAD x Ruzicka	TLP003492	45	0.2531208379004264	0.4936037639589263	0.513901565812646	0.6942095197627148	0.49624157776549765	0.43123202520914355	0.05465998316432543
PsychAD x Ruzicka	TLP003511	45	0.09605375648542883	0.4698578459801803	0.5601276080533205	0.6670146323992628	0.5923922964648827	0.4212888677440764	0.183354548522181
PsychAD x Ruzicka	TLP003518	45	-0.32230368818880095	0.34521313667463244	0.5070399964716448	0.7470262965374583	0.5205111719648089	0.6613967107470129	0.12050820719032299
PsychAD x Ruzicka	TLP003565	45	0.06543020044872157	0.5201945535900095	0.4538279698534374	0.7376644055736149	0.5028523169373118	0.460047138475324	0.13992013693732205
PsychAD x Ruzicka	TLP003566	45	0.25829554171034746	0.40832208818473265	0.41961062890391987	0.6321772061412608	0.5092019634999497	0.31495794592003507	0.16545840360749237
PsychAD x Ruzicka	TLP003603	45	0.23118059198954055	0.3478093861054139	0.3583108539843961	0.5281340702239697	0.45072273285527475	0.2117800889749139	0.15159320073809415
PsychAD x Ruzicka	TLP003631	45	0.1998169080272619	0.463532598626252	0.4400697964395854	0.8143266435150005	0.5140293782024324	0.6401719791453618	0.1623844641259182
PsychAD x Ruzicka	TLP003649	45	0.439846754976851	0.3881686340497253	0.47030751225601775	0.5461080904970147	0.6313886008622155	0.2604625374127646	0.34801983516214186
PsychAD x Ruzicka	TLP003650	45	0.1492226591745366	0.49595439856991147	0.4666834305397769	0.750802366671922	0.5218635159046878	0.5193033978269681	0.1430560374703234
PsychAD x Ruzicka	TLP003696	45	0.20447567230513558	0.42008516050649897	0.3752188745709606	0.5688025699189113	0.4182801923412048	0.2331541507800924	0.09029468858883259
PsychAD x Ruzicka	TLP003698	45	0.18251902315010618	0.4277709048148234	0.424699304376005	0.7246665913813263	0.6423876827725392	0.44003803039588585	0.38213859498375846
PsychAD x Ruzicka	TLP003699	45	-0.18460786962967257	0.3877034198946393	0.5073629971897078	0.6317979221715904	0.5543324337719435	0.424939480992316	0.14922612808426064
PsychAD x Ruzicka	TLP003701	45	0.5188615823876822	0.39328255423452807	0.4099394466538515	0.4990922524771027	0.44051909908373876	0.1840851336062731	0.13194025990987873
PsychAD x Ruzicka	TLP003711	45	0.46064175378978095	0.49977577032524373	0.5224624421564344	0.7673122991792664	0.6259956020959627	0.6155160467922655	0.3001363867183297
PsychAD x Ruzicka	TLP003737	45	0.22012485913881985	0.47468515839504355	0.45811270408263777	0.5443107569456064	0.7297160922448912	0.2121789288162141	0.5688576179844926
PsychAD x Ruzicka	TLP003757	45	-0.002175087186250301	0.4723397753240937	0.5312596635990534	0.7449190301256513	0.6665653544786981	0.5740978646032934	0.3079843502153856
PsychAD x Ruzicka	TLP003772	45	0.4351233001315895	0.4327554587091036	0.4588923116125758	0.6838892165525157	0.5952439217672447	0.4279521472590965	0.2424789357721904
PsychAD x Ruzicka	TLP003804	45	0.2782558668670731	0.3771819820945882	0.5068170598452533	0.6971059712491804	0.6490445761069077	0.4184320967690704	0.3808941122029364
PsychAD x Ruzicka	TLP003806	45	0.12028416071597857	0.5526069616738987	0.4917874879034765	0.6732757322386334	0.6907061740037451	0.4353531386425138	0.35590867166791845
PsychAD x Ruzicka	TLP003820	45	0.5784823314096007	0.45045876054754463	0.4584591286487554	0.5867002847504669	0.4842772951448746	0.295800232016344	0.08788150190894159
PsychAD x Ruzicka	TLP003828	45	0.4389669374315831	0.4323550895744006	0.4794203738864775	0.6361358198356748	0.5873152076507048	0.36271383260231477	0.23039698005616546
PsychAD x Ruzicka	TLP003855	45	0.29958652041395273	0.44051336614129766	0.38773712822165557	0.7373405015015704	0.6043970834827063	0.46609075401107947	0.33552113637161673
PsychAD x Ruzicka	TLP003871	45	0.136627393892608	0.41013559475030725	0.518336207852988	0.6233396701575195	0.6897946970631887	0.32872425826095103	0.41177313543090577
PsychAD x Ruzicka	TLP003877	45	0.16554153797572427	0.458641880816497	0.3984268969869086	0.7149760345427569	0.6283875872698675	0.45464966371769683	0.4134071164779311
PsychAD x Ruzicka	TLP003922	45	0.21996671137299648	0.42123941756127714	0.3847648085149964	0.5968283137003237	0.5212927445142246	0.2962197415107207	0.18703076841156407
PsychAD x Ruzicka	TLP003956	45	0.43640112537827835	0.3859030887884179	0.3651675139240602	0.7263784822990766	0.508999240717365	0.46597546172258486	0.20665469506092438
PsychAD x Ruzicka	TLP003959	45	0.25944465428003444	0.455776949526601	0.43937625213112963	0.6500808399496965	0.5268485172412491	0.42728955613693664	0.19764774231768975
PsychAD x Ruzicka	TLP003968	45	0.09636386394979701	0.39097913859212613	0.523990031660465	0.6250264909180078	0.6038223497677047	0.3744775454752528	0.2532296654901673
PsychAD x Ruzicka	TLP003971	45	0.5890314316166568	0.4107065069131999	0.42532838916301513	0.6233517594448115	0.5028715480407074	0.3171402124955743	0.1696748381981299
PsychAD x Ruzicka	TLP003975	45	0.07449085899682036	0.5084050253188415	0.42690004088464384	0.6043620847081118	0.7046810943597249	0.28644068581919435	0.44836078594927553
PsychAD x Ruzicka	TLP004011	45	0.05744085929259837	0.3798591219517395	0.42217396066287605	0.6601201794644174	0.6956394555491581	0.39581040510762433	0.4162652436033247
PsychAD x Ruzicka	TLP004017	45	0.18555214343525864	0.619243004323446	0.45800533070404015	0.66755388051492	0.5871264886481116	0.4423908414189407	0.2894914018360324
PsychAD x Ruzicka	TLP004018	45	0.14233855231035822	0.3727968115754034	0.42052072380267397	0.5577932571907367	0.4834370410925067	0.22511069110805282	0.1253978585693569
