dataset	cell_type	cls	depth	beta_cerad	se_cerad	gamma	delta	predicted
Green	Chandelier_1	Inhibitory	0.5377438373044524	0.012930773144894022	0.013011443053042105	-0.8164781192644931	0.0008988508778937644	-0.0007338920742819393
Green	Chandelier_2	Inhibitory	0.3083839397387943	0.029705167102130326	0.029350869996178204	-2.17371855435396	0.0008988508778937644	-0.0019538488308750213
Green	L2/3 IT_1	Excitatory	0.1919707901948373	-0.011044841004509918	0.021483605024322734	-7.271828198118003	0.0013673103594197538	-0.009942846027207427
Green	L2/3 IT_10	Excitatory	0.3436600012425826	-0.07589612269371182	0.03153920983183032	-8.571102481807092	0.0013673103594197538	-0.011719357215023199
Green	L2/3 IT_12	Excitatory	0.3032241530756692	0.003760718945994449	0.03167043668602682	-4.074050978034594	0.0013673103594197538	-0.005570492107070881
Green	L2/3 IT_13	Excitatory	0.4258329844029131	0.009858492583677301	0.022681883635999718	-3.479030022243569	0.0013673103594197538	-0.004756913790145968
Green	L2/3 IT_2	Excitatory	0.2660203989385524	0.01820661072903687	0.0325987063792751	-3.8950969670033	0.0013673103594197538	-0.0053258064339280755
Green	L2/3 IT_3	Excitatory	0.3798489777663303	-0.026245947492127022	0.02777910080722908	-1.3242234852650379	0.0013673103594197538	-0.001810624489589818
Green	L2/3 IT_5	Excitatory	0.3677645450571993	-0.011212836767537093	0.020385416060704167	-3.3884049965344336	0.0013673103594197538	-0.004633001253671186
Green	L2/3 IT_6	Excitatory	0.1979691675974276	-0.032101877310107774	0.029961900859920416	-10.34797209714019	0.0013673103594197538	-0.014148889447406336
Green	L2/3 IT_7	Excitatory	0.2177554769451218	0.10759661306855119	0.040216633719750705	-2.6451975089876827	0.0013673103594197538	-0.003616805956750186
Green	L2/3 IT_8	Excitatory	0.2744983406514524	0.05443492765347346	0.0414962598700447	-4.809234576861267	0.0013673103594197538	-0.006575716257822087
Green	L4 IT_1	Excitatory	0.5630840855967468	0.004286685980245241	0.022062637262190914	2.013834931768243	0.0013673103594197538	0.002753537364368092
Green	L4 IT_2	Excitatory	0.5512355818998482	-0.015147753038264978	0.02272133829040853	2.6314831942699475	0.0013673103594197538	0.0035980542321642837
Green	L4 IT_3	Excitatory	0.5314108664019961	0.004411343789142688	0.027131258209166946	0.1206736229172093	0.0013673103594197538	0.00016499829472341329
Green	L4 IT_4	Excitatory	0.5532418211408268	0.0075218397183974784	0.021992979633860495	1.491111452940979	0.0013673103594197538	0.0020388121366556413
Green	L5 ET_2	Excitatory	0.5803583932144897	-0.009956176530161235	0.027603978529592108	7.879816992772475	0.0013673103594197538	0.010774155404549617
Green	L5 IT_1	Excitatory	0.5629397259705062	0.01272813388889241	0.021005213706959895	6.807488669090768	0.0013673103594197538	0.009307949778880399
Green	L5 IT_2	Excitatory	0.5925571972392969	-0.0010664003826733777	0.018042023250243032	4.950201386531909	0.0013673103594197538	0.006768461637019108
Green	L5 IT_3	Excitatory	0.6164728933312946	-0.0011002386690560895	0.02841793405583035	6.803941406570289	0.0013673103594197538	0.009303099570088567
Green	L5 IT_5	Excitatory	0.5837304045657066	-0.03003370606460199	0.0195804550460139	3.8318170720879587	0.0013673103594197538	0.005239283178067335
Green	L5 IT_6	Excitatory	0.5076176320839733	0.08751383541535199	0.0314703983393336	4.798825771406803	0.0013673103594197538	0.0065614841902950135
Green	L5 IT_7	Excitatory	0.5909416812135041	-0.028995777035898517	0.03596178966099936	6.109305279945965	0.0013673103594197538	0.008353316398127917
Green	L5/6 NP_1	Excitatory	0.6407527971721316	0.011694193394506575	0.02362861623786366	7.588122466120632	0.0013673103594197538	0.01037531845647251
Green	L5/6 NP_2	Excitatory	0.6302251538114368	-0.03284530504129073	0.022726878828201545	5.970633384307512	0.0013673103594197538	0.008163708878661085
Green	L5/6 NP_3	Excitatory	0.6131612028240632	0.0405956538080234	0.01852198013424907	2.2643628370801405	0.0013673103594197538	0.0030960867646247802
Green	L5/6 NP_4	Excitatory	0.6353904788345692	0.005779656123467851	0.032955153798694924	8.893221821229703	0.0013673103594197538	0.012159794324785183
Green	L5/6 NP_6	Excitatory	0.6193951422603103	0.022541691376541436	0.03025786416504396	3.9758541852080653	0.0013673103594197538	0.005436226614977372
Green	L6 CT_1	Excitatory	0.9279759816375948	0.07596075779445446	0.051286389197587705	15.489383370161681	0.0013673103594197538	0.021178794343046124
Green	L6 CT_2	Excitatory	0.8331534913085406	-0.031883558507168924	0.036796318230234396	13.006899755412919	0.0013673103594197538	0.017784468779510346
Green	L6 CT_3	Excitatory	0.8051462951414932	-0.010039034799550806	0.03385551154482279	10.079911044942323	0.0013673103594197538	0.013782366793779234
Green	L6 CT_4	Excitatory	0.8135731387095528	0.01150078401008518	0.02229069445264573	4.371470508008557	0.0013673103594197538	0.005977156911498034
Green	L6 IT Car3_1	Excitatory	0.7663699966007065	0.009378911836949179	0.030879351577617585	3.4718755313028264	0.0013673103594197538	0.004747131380566316
Green	L6 IT Car3_3	Excitatory	0.7973887453221391	-0.0022175829329058976	0.02939314307559323	11.420397252976347	0.0013673103594197538	0.015615227472683457
Green	L6 IT_1	Excitatory	0.8530337414259787	-0.01591395360937027	0.04169882415833236	11.08863412315609	0.0013673103594197538	0.0151616043084067
Green	L6 IT_2	Excitatory	0.8197358450038192	-0.004287000801761738	0.038103323848609275	15.090158555742613	0.0013673103594197538	0.020632930118553505
Green	L6b_1	Excitatory	0.9410415642527472	0.01843622789735456	0.023352332523935176	4.575373973275933	0.0013673103594197538	0.006255956231879702
Green	L6b_2	Excitatory	0.9170995043620296	-0.014024326917374728	0.04099624523290186	12.242143737928812	0.0013673103594197538	0.01673880995437573
Green	L6b_3	Excitatory	0.8642836597560695	0.01906797484343349	0.022358516736206268	2.7034708977017	0.0013673103594197538	0.0036964837648173557
Green	L6b_4	Excitatory	0.923495610477519	0.049166527725690745	0.03888047897922664	11.304550296268484	0.0013673103594197538	0.015456828728669545
Green	L6b_5	Excitatory	0.8919508779002744	0.028637707991137958	0.03536050524028871	9.910381544814404	0.0013673103594197538	0.013550567352027077
Green	L6b_6	Excitatory	0.861725382393208	0.04196351960287706	0.0393988481812067	15.79271144928131	0.0013673103594197538	0.021593537967929288
Green	Lamp5_1	Inhibitory	0.579758694166293	0.00896809283883535	0.02887166574145444	2.3145569487297704	0.0008988508778937644	0.0020804415453008667
Green	Lamp5_2	Inhibitory	0.4551264444335245	0.001932785299733883	0.013019542360496239	-2.1123376122636603	0.0008988508778937644	-0.001898676517191209
Green	Lamp5_3	Inhibitory	0.2465184059874807	-0.013844662794462038	0.030318247529175973	-5.766030538372209	0.0008988508778937644	-0.005182801611378115
Green	Lamp5_4	Inhibitory	0.1322474178935395	0.009044845155799902	0.03344281307357171	-3.693622891449406	0.0008988508778937644	-0.003320016178587803
Green	Lamp5_5	Inhibitory	0.0932772268895256	-0.05198309576488569	0.04040839513600265	-9.502754291902843	0.0008988508778937644	-0.008541559037685607
Green	Lamp5_6	Inhibitory	0.1296752919101563	0.0008191255575586266	0.0343097189313605	-4.881919671432194	0.0008988508778937644	-0.004388117782473665
Green	Lamp5_Lhx6_1	Inhibitory	0.9202262402030006	0.004756297735804441	0.012761111436807169	0.9837555362909777	0.0008988508778937644	0.0008842495274279963
Green	Pax6_1	Inhibitory	0.1062743761433986	-0.0026997911894823335	0.033653234262263985	-6.689590219361945	0.0008988508778937644	-0.006012944041423025
Green	Pax6_2	Inhibitory	0.1767240916513598	-0.006847647261986063	0.032189116096750896	-4.1731472642692555	0.0008988508778937644	-0.0037510370820683816
Green	Pax6_3	Inhibitory	0.2804480041403503	0.034615197734507594	0.03320849588380563	-1.0353548464821647	0.0008988508778937644	-0.0009306296126920573
Green	Pax6_4	Inhibitory	0.205431236839579	-0.038070458758616636	0.03164984239798975	-3.856931704030305	0.0008988508778937644	-0.0034668064481439323
Green	Pvalb_1	Inhibitory	0.5900508231599844	0.022070241224902448	0.025627248073196645	4.406069859119703	0.0008988508778937644	0.0039603997609309995
Green	Pvalb_10	Inhibitory	0.6817932985315721	0.02980323198426008	0.03302028431390432	6.893960144274173	0.0008988508778937644	0.006196642127845463
Green	Pvalb_12	Inhibitory	0.6108336179898526	0.0273523412195322	0.03367256515276156	4.925442487514657	0.0008988508778937644	0.004427238303917796
Green	Pvalb_13	Inhibitory	0.6092756177219957	0.005796896174823219	0.032948144977025536	5.115837793226585	0.0008988508778937644	0.004598375291603814
Green	Pvalb_15	Inhibitory	0.5265084301382293	0.0009569740308766213	0.013177764030062586	-0.5133934478666311	0.0008988508778937644	-0.00046146415131982795
Green	Pvalb_2	Inhibitory	0.3495695430871181	0.01704746479781962	0.018961507639176676	-3.7699166946893103	0.0008988508778937644	-0.0033885929306078453
Green	Pvalb_3	Inhibitory	0.504731485099097	0.005746555885100918	0.02450313520878939	-3.8327814752146057	0.0008988508778937644	-0.0034450989937716055
Green	Pvalb_5	Inhibitory	0.2666822594830076	-0.07300684656631443	0.03309284214163964	-3.45868872295172	0.0008988508778937644	-0.0031088453949864162
Green	Pvalb_6	Inhibitory	0.4638743634718683	-0.04459264671193377	0.02290998585363993	-2.9414936006650936	0.0008988508778937644	-0.002643964105276709
Green	Pvalb_7	Inhibitory	0.8803705194855638	0.014695131410451066	0.034514757859977804	6.438688086599889	0.0008988508778937644	0.005787420439124433
Green	Pvalb_8	Inhibitory	0.2749435083648415	-0.08939213921999896	0.034087163261862334	-5.217619952671583	0.0008988508778937644	-0.004689862274974874
Green	Pvalb_9	Inhibitory	0.6427079814410825	0.00887296446338489	0.029836188329016494	5.13146165619709	0.0008988508778937644	0.004612418814550945
Green	Sncg_1	Inhibitory	0.2284107828293974	-0.030995721118939674	0.03370630941525705	-6.689157232768034	0.0008988508778937644	-0.006012554851042971
Green	Sncg_2	Inhibitory	0.1166485153506787	0.058468610611311284	0.0329909936260493	-3.5759198109250594	0.0008988508778937644	-0.0032142186613276936
Green	Sncg_3	Inhibitory	0.1323250123250063	-0.010555276497771292	0.03223122310549726	-4.882114986874841	0.0008988508778937644	-0.004388293341930755
Green	Sncg_4	Inhibitory	0.1160922736587884	0.01412971617972553	0.03529370639585212	-8.978332186111198	0.0008988508778937644	-0.008070181767507891
Green	Sncg_5	Inhibitory	0.0884437751366371	0.009109846200825233	0.037397941600730615	-7.545415294703547	0.0008988508778937644	-0.006782203161717321
Green	Sncg_6	Inhibitory	0.1181267995791516	-0.027845256339347573	0.03431711487008689	-6.014198912170816	0.0008988508778937644	-0.0054058679720324606
Green	Sncg_8	Inhibitory	0.1204937514720459	0.00402334037358415	0.030830832609865525	-6.789342393397016	0.0008988508778937644	-0.006102606370626259
Green	Sst Chodl_1	Inhibitory	0.8747911559403596	-0.018193050803738148	0.030729315982153442	2.4453521658527095	0.0008988508778937644	0.002198006941036126
Green	Sst Chodl_2	Inhibitory	0.2773765687049466	-0.0035415183469452733	0.029289096210344596	-1.187108687954282	0.0008988508778937644	-0.0010670336863230212
Green	Sst_1	Inhibitory	0.815785423135265	0.06219654636795053	0.03136231198125174	5.824207688629115	0.0008988508778937644	0.0052350941939598925
Green	Sst_10	Inhibitory	0.6105200510345437	0.004638443588138769	0.028897435318241342	4.826975037670871	0.0008988508778937644	0.004338730750181749
Green	Sst_11	Inhibitory	0.2387819276287432	-0.11510309696227834	0.04104140086100338	-6.524980068412305	0.0008988508778937644	-0.005864984062731716
Green	Sst_12	Inhibitory	0.7803451676571576	-0.09532604743400228	0.03428077304155383	5.0984218562033305	0.0008988508778937644	0.004582720961321119
Green	Sst_13	Inhibitory	0.6048978450950697	-0.03905696251170836	0.023953630993616172	1.615592725966975	0.0008988508778937644	0.0014521769400541952
Green	Sst_19	Inhibitory	0.5541324758571757	-0.048656000683062806	0.02362424173749255	0.4930112911494047	0.0008988508778937644	0.0004431436318611807
Green	Sst_2	Inhibitory	0.3192887752225759	-0.07906871197022917	0.02915481610833126	-4.636502086345126	0.0008988508778937644	-0.0041675239706675865
Green	Sst_20	Inhibitory	0.2957429970923577	-0.08172650541287099	0.037683093260840524	-6.860826294648772	0.0008988508778937644	-0.006166859738021672
Green	Sst_22	Inhibitory	0.2621819638814291	0.003928457432610263	0.031143556759480932	-2.132635205719171	0.0008988508778937644	-0.0019169210268878258
Green	Sst_23	Inhibitory	0.1967533779707338	-0.09904555871879296	0.03978365002355906	-7.397200403030837	0.0008988508778937644	-0.006648980076220375
Green	Sst_25	Inhibitory	0.2177220453776422	-0.06327800037827985	0.044730517439876015	-5.583159250625106	0.0008988508778937644	-0.005018427593845068
Green	Sst_3	Inhibitory	0.4598165704652676	-0.061597640363659084	0.021920578562176923	-2.9908387999937927	0.0008988508778937644	-0.0026883180810131535
Green	Sst_4	Inhibitory	0.7590957304050299	0.009159309438221389	0.03106064352458624	6.808810090459207	0.0008988508778937644	0.0061201049272211795
Green	Sst_5	Inhibitory	0.679538710548478	0.022971161194729865	0.02992356568878527	5.9345101126680815	0.0008988508778937644	0.005334239624641128
Green	Sst_7	Inhibitory	0.8373444632991687	0.07870257523570032	0.03268422430508964	5.7117327747553555	0.0008988508778937644	0.005133996018883438
Green	Sst_9	Inhibitory	0.6073494399404031	-0.045424015083186026	0.030953616114305423	2.2910246644829635	0.0008988508778937644	0.002059289530946779
Green	Vip_1	Inhibitory	0.2350554089747075	-0.032074596784714686	0.020265497003321264	-4.046831397331493	0.0008988508778937644	-0.003637497954179462
Green	Vip_11	Inhibitory	0.2582343862743472	-0.027290137146732552	0.02389336243000621	-6.371098177324811	0.0008988508778937644	-0.005726667189835768
Green	Vip_12	Inhibitory	0.2662593472494122	-0.00788594146922604	0.024460479980387292	-3.4360545305305306	0.0008988508778937644	-0.0030885006312582138
Green	Vip_13	Inhibitory	0.2194681761737045	-0.026383471058641972	0.027097463794866224	-4.963067573791294	0.0008988508778937644	-0.00446105764574838
Green	Vip_14	Inhibitory	0.3315424436417966	0.04377296094483308	0.030735900951366957	-3.273830670484983	0.0008988508778937644	-0.002942685572240958
Green	Vip_15	Inhibitory	0.348308194180037	-0.014125620659093275	0.021922906215952494	-3.9901388818044112	0.0008988508778937644	-0.0035865398368279382
Green	Vip_16	Inhibitory	0.2376843396288952	-0.053548147604793477	0.0311650262685736	-4.049153692492582	0.0008988508778937644	-0.003639585351223735
Green	Vip_18	Inhibitory	0.4317549423950566	0.04624516872773242	0.02365783000631702	-0.5641524184203017	0.0008988508778937644	-0.0005070888965629785
Green	Vip_19	Inhibitory	0.5167087850184927	0.005705339670640664	0.01351705001792886	-1.250895168815184	0.0008988508778937644	-0.0011243682206425966
Green	Vip_2	Inhibitory	0.3743908763624244	-0.008112581514702073	0.020539927202302657	-2.29389184949456	0.0008988508778937644	-0.002061866702711536
Green	Vip_21	Inhibitory	0.2073933055044298	-0.003842629499644183	0.0313018105155616	-3.992316520062425	0.0008988508778937644	-0.003588497208887889
Green	Vip_23	Inhibitory	0.514918470758501	-0.021313088197768445	0.016431302347593556	-0.6389711609326335	0.0008988508778937644	-0.0005743397889530954
Green	Vip_4	Inhibitory	0.2460677831117061	-0.010619374147148584	0.019675276836212088	-4.827912564370084	0.0008988508778937644	-0.004339573446878386
Green	Vip_5	Inhibitory	0.2025897285247291	0.007593423146333168	0.033711088222801895	-5.24130721394507	0.0008988508778937644	-0.004711153590565446
Green	Vip_6	Inhibitory	0.2124526037871233	-0.0477086961692979	0.02948016329942947	-4.615038611897812	0.0008988508778937644	-0.004148231507817968
Green	Vip_9	Inhibitory	0.1955107516726868	0.015359873388048086	0.03067593388205	-7.501007980630882	0.0008988508778937644	-0.006742287608478201
Mathys	Chandelier_1	Inhibitory	0.5377438373044524	-0.014465688310223393	0.023078652022682375	-0.7306720805091838	0.001317134559725536	-0.0009623934490652052
Mathys	Chandelier_2	Inhibitory	0.3083839397387943	0.065260919256521	0.030823066064508867	-1.0380642094506924	0.001317134559725536	-0.0013672702454816746
Mathys	L2/3 IT_1	Excitatory	0.1919707901948373	-0.01643836907181242	0.03307688419244492	-6.7792037335220705	-0.00018020200491740822	0.0012216261045242564
Mathys	L2/3 IT_10	Excitatory	0.3436600012425826	-0.17149587062616461	0.046198773850453685	-5.647080712156186	-0.00018020200491740822	0.0010176152662609702
Mathys	L2/3 IT_12	Excitatory	0.3032241530756692	0.06415329565695348	0.042322156504489346	-1.3735706216070114	-0.00018020200491740822	0.00024752017990923415
Mathys	L2/3 IT_13	Excitatory	0.4258329844029131	0.013093308389549266	0.03719680865092857	-0.52656045329513	-0.00018020200491740822	9.488724939400172e-05
Mathys	L2/3 IT_2	Excitatory	0.2660203989385524	0.04664403117650685	0.03176827215249748	-2.2916620953122893	-0.00018020200491740822	0.00041296210416850315
Mathys	L2/3 IT_3	Excitatory	0.3798489777663303	0.02293913341919657	0.0343852202328933	-0.33902778651331716	-0.00018020200491740822	6.109348685241081e-05
Mathys	L2/3 IT_5	Excitatory	0.3677645450571993	-0.007478549863221157	0.03332772367803746	-0.5085633785400189	-0.00018020200491740822	9.164414044048222e-05
Mathys	L2/3 IT_6	Excitatory	0.1979691675974276	-0.06016592899665287	0.04230812890274461	-6.449418739835417	-0.00018020200491740822	0.0011621981874702465
Mathys	L2/3 IT_7	Excitatory	0.2177554769451218	0.07306721136342414	0.03917828159974837	-3.7148593317521907	-0.00018020200491740822	0.0006694250995678881
Mathys	L2/3 IT_8	Excitatory	0.2744983406514524	0.05098205952874718	0.045123077244143384	-0.10998482823209534	-0.00018020200491740822	1.9819486557920342e-05
Mathys	L4 IT_1	Excitatory	0.5630840855967468	0.007253746189102965	0.027700523488837253	2.7551566409650343	-0.00018020200491740822	-0.0004964847505634111
Mathys	L4 IT_2	Excitatory	0.5512355818998482	0.002207409298622677	0.03324868706202239	3.0536536650616517	-0.00018020200491740822	-0.0005502745127675014
Mathys	L4 IT_3	Excitatory	0.5314108664019961	0.03185856190479458	0.03202994418745036	-0.40834437868533063	-0.00018020200491740822	7.358447573584996e-05
Mathys	L4 IT_4	Excitatory	0.5532418211408268	-0.015748770959284012	0.033907888612714654	3.4376378419694795	-0.00018020200491740822	-0.0006194692313028527
Mathys	L5 ET_2	Excitatory	0.5803583932144897	0.011317317948012783	0.033499413251641526	3.393277690156814	-0.00018020200491740822	-0.0006114754430077698
Mathys	L5 IT_1	Excitatory	0.5629397259705062	0.010415911185664897	0.026153783368984534	5.660704658563879	-0.00018020200491740822	-0.0010200703287185236
Mathys	L5 IT_2	Excitatory	0.5925571972392969	-0.0025045300681138857	0.028978078359282976	3.9395669162828226	-0.00018020200491740822	-0.000709917856820456
Mathys	L5 IT_3	Excitatory	0.6164728933312946	-0.01988150743422748	0.02861203761144746	4.742340506509245	-0.00018020200491740822	-0.0008545792672740031
Mathys	L5 IT_5	Excitatory	0.5837304045657066	-0.02683050594076144	0.02919977766711089	3.3459146564262663	-0.00018020200491740822	-0.0006029405293705543
Mathys	L5 IT_6	Excitatory	0.5076176320839733	0.0472614285953043	0.03347577853613091	4.4124744282452015	-0.00018020200491740822	-0.0007951367386165798
Mathys	L5 IT_7	Excitatory	0.5909416812135041	0.013397106273237067	0.03593525281512532	5.6255573811708155	-0.00018020200491740822	-0.0010137367188649054
Mathys	L5/6 NP_1	Excitatory	0.6407527971721316	-0.010681554677186888	0.02726756528752331	5.174104250364249	-0.00018020200491740822	-0.0009323839595673212
Mathys	L5/6 NP_2	Excitatory	0.6302251538114368	-0.04914245885077956	0.027270696226394425	3.8260103633646816	-0.00018020200491740822	-0.0006894547383130971
Mathys	L5/6 NP_3	Excitatory	0.6131612028240632	0.035068124432664084	0.03125899663841215	0.03110336112444358	-0.00018020200491740822	-5.6048880342949054e-06
Mathys	L5/6 NP_4	Excitatory	0.6353904788345692	0.02033763689946598	0.03296508804564697	5.607590635402835	-0.00018020200491740822	-0.001010499075255674
Mathys	L5/6 NP_6	Excitatory	0.6193951422603103	-0.013268759751726809	0.03278364537201018	1.5131355255847103	-0.00018020200491740822	-0.000272670055422121
Mathys	L6 CT_1	Excitatory	0.9279759816375948	0.024893421688610237	0.050652109035309666	14.38527831007208	-0.00018020200491740822	-0.002592255992769895
Mathys	L6 CT_2	Excitatory	0.8331534913085406	-0.04495635050905261	0.03221331390328883	8.826592664128723	-0.00018020200491740822	-0.0015905696946652834
Mathys	L6 CT_3	Excitatory	0.8051462951414932	-0.003032636378289859	0.03176684352003177	3.6917055257046663	-0.00018020200491740822	-0.0006652527372966553
Mathys	L6 CT_4	Excitatory	0.8135731387095528	0.006504555481759483	0.03298477731630403	2.7726491688071873	-0.00018020200491740822	-0.0004996369391516406
Mathys	L6 IT Car3_1	Excitatory	0.7663699966007065	-0.02746382067446439	0.038532713073942015	3.0043545864276413	-0.00018020200491740822	-0.0005413907199570717
Mathys	L6 IT Car3_3	Excitatory	0.7973887453221391	0.05782217884184132	0.029575856827090918	8.710863065257152	-0.00018020200491740822	-0.001569714988920339
Mathys	L6 IT_1	Excitatory	0.8530337414259787	0.010853554134889825	0.039835654133026616	9.183541465431642	-0.00018020200491740822	-0.0016548925843129349
Mathys	L6 IT_2	Excitatory	0.8197358450038192	0.022249143631660837	0.03634606784512152	11.741629881279962	-0.00018020200491740822	-0.002115865245604799
Mathys	L6b_1	Excitatory	0.9410415642527472	-0.044759401126768794	0.04669795049942154	8.463815014235232	-0.00018020200491740822	-0.0015251964348152508
Mathys	L6b_2	Excitatory	0.9170995043620296	-0.02128773068351225	0.04392556411567418	12.788041620034178	-0.00018020200491740822	-0.00230443073889742
Mathys	L6b_3	Excitatory	0.8642836597560695	0.002862437871474304	0.03170444696708293	1.601504758316319	-0.00018020200491740822	-0.00028859436833336997
Mathys	L6b_4	Excitatory	0.923495610477519	-0.004123559149948752	0.03926792908196911	10.883120499276684	-0.00018020200491740822	-0.0019611601337274033
Mathys	L6b_5	Excitatory	0.8919508779002744	0.015070345557198696	0.034100735226224546	5.95635667361285	-0.00018020200491740822	-0.0010733474145882202
Mathys	L6b_6	Excitatory	0.861725382393208	-0.0166794190298939	0.037029727129408156	11.067710600395694	-0.00018020200491740822	-0.001994423640036956
Mathys	Lamp5_1	Inhibitory	0.579758694166293	0.006099106317567561	0.0263006614558101	2.5087348610864955	0.001317134559725536	0.0033043413867252652
Mathys	Lamp5_2	Inhibitory	0.4551264444335245	0.015026819842270323	0.026882699909832927	-2.845635422765295	0.001317134559725536	-0.0037480847597033563
Mathys	Lamp5_3	Inhibitory	0.2465184059874807	-0.01999256288890678	0.03392566310318855	-3.4902134713687833	0.001317134559725536	-0.004597080783959457
Mathys	Lamp5_4	Inhibitory	0.1322474178935395	-0.022297436701900257	0.0340411657680597	-4.160939143658955	0.001317134559725536	-0.005480516747027987
Mathys	Lamp5_5	Inhibitory	0.0932772268895256	-0.03409697268986152	0.04103268847347255	-5.097521356270701	0.001317134559725536	-0.006714121547283128
Mathys	Lamp5_6	Inhibitory	0.1296752919101563	-0.011463065768733703	0.03500320699238829	-2.6137154517467964	0.001317134559725536	-0.003442614950784347
Mathys	Lamp5_Lhx6_1	Inhibitory	0.9202262402030006	0.010005113868191624	0.021733894322886797	1.1312207682484803	0.001317134559725536	0.0014899699685393447
Mathys	Pax6_1	Inhibitory	0.1062743761433986	-0.018344462245121273	0.030575454499574786	-5.140508644508777	0.001317134559725536	-0.00677074159025038
Mathys	Pax6_2	Inhibitory	0.1767240916513598	-0.019228013202503665	0.02882304032198338	-2.0336428326053277	0.001317134559725536	-0.0026785812569626102
Mathys	Pax6_3	Inhibitory	0.2804480041403503	0.045843654734243615	0.030986522470111903	-0.9934740944123699	0.001317134559725536	-0.0013085390639425625
Mathys	Pax6_4	Inhibitory	0.205431236839579	0.012413429914788618	0.026872657287550686	0.21681108717543499	0.001317134559725536	0.0002855693758504314
Mathys	Pvalb_1	Inhibitory	0.5900508231599844	0.020341416345465418	0.026208460847142134	1.9896638438722567	0.001317134559725536	0.0026206550110005025
Mathys	Pvalb_10	Inhibitory	0.6817932985315721	0.017802159069824623	0.029435604940900327	2.311755225924603	0.001317134559725536	0.003044892701691409
Mathys	Pvalb_12	Inhibitory	0.6108336179898526	-0.015652603739209202	0.029788588478437843	1.4064250716315017	0.001317134559725536	0.0018524510675103135
Mathys	Pvalb_13	Inhibitory	0.6092756177219957	0.01285332949544806	0.028661978886906934	2.0396888398931754	0.001317134559725536	0.002686544662109787
Mathys	Pvalb_15	Inhibitory	0.5265084301382293	0.001759377083645243	0.027547649926451555	-2.821472726113398	0.001317134559725536	-0.0037162592368869783
Mathys	Pvalb_2	Inhibitory	0.3495695430871181	0.0005928841964079803	0.033985878505309076	-2.8092705077065063	0.001317134559725536	-0.0037001872733179422
Mathys	Pvalb_3	Inhibitory	0.504731485099097	-0.008236832512347199	0.030660196296113804	-2.5384607326554223	0.001317134559725536	-0.003343494359486661
Mathys	Pvalb_5	Inhibitory	0.2666822594830076	-0.06466159442223961	0.03482290176188493	-3.1104860104931906	0.001317134559725536	-0.004096928621963388
Mathys	Pvalb_6	Inhibitory	0.4638743634718683	-0.0030079170215678228	0.029827265372187134	-1.3091527954609439	0.001317134559725536	-0.001724330390862905
Mathys	Pvalb_7	Inhibitory	0.8803705194855638	0.015535262688890866	0.03254910731153296	4.8614242427279315	0.001317134559725536	0.006403149879584502
Mathys	Pvalb_8	Inhibitory	0.2749435083648415	-0.06109570606868186	0.03320014194093601	-2.305182906260617	0.001317134559725536	-0.0030362360723244094
Mathys	Pvalb_9	Inhibitory	0.6427079814410825	0.0157977505479125	0.027004767882327207	2.8973897712128647	0.001317134559725536	0.003816252200659728
Mathys	Sncg_1	Inhibitory	0.2284107828293974	-0.0574429164592166	0.035823156780031215	-4.245217222768397	0.001317134559725536	-0.005591522317650316
Mathys	Sncg_2	Inhibitory	0.1166485153506787	0.014867773467244818	0.03111959238108708	-2.2671841268646293	0.001317134559725536	-0.0029861865667545674
Mathys	Sncg_3	Inhibitory	0.1323250123250063	-0.035813506781815	0.03088988635515676	-3.3946027490258825	0.001317134559725536	-0.0044711485972813
Mathys	Sncg_4	Inhibitory	0.1160922736587884	0.025613525261103717	0.03562944047281839	-5.867098102988763	0.001317134559725536	-0.007727757676746632
Mathys	Sncg_5	Inhibitory	0.0884437751366371	-8.558746108281237e-05	0.037915338748497736	-4.440485626286266	0.001317134559725536	-0.005848717080346132
Mathys	Sncg_6	Inhibitory	0.1181267995791516	0.0033534584260249984	0.03110313415134335	-3.3644975932718184	0.001317134559725536	-0.004431496056211702
Mathys	Sncg_8	Inhibitory	0.1204937514720459	-0.029043108408061576	0.03139385164018832	-4.6516638907099885	0.001317134559725536	-0.006126867270681475
Mathys	Sst Chodl_1	Inhibitory	0.8747911559403596	-0.03544301223530083	0.03327504583227441	0.755295677682711	0.001317134559725536	0.000994826039887218
Mathys	Sst Chodl_2	Inhibitory	0.2773765687049466	-0.0033403045921334574	0.03101524065363844	-1.4223888866896324	0.001317134559725536	-0.0018734775600284443
Mathys	Sst_1	Inhibitory	0.815785423135265	0.0006656758512892389	0.028648655385933263	3.1739942754800086	0.001317134559725536	0.004180577552605733
Mathys	Sst_10	Inhibitory	0.6105200510345437	-0.011354084844041368	0.027512438823578712	2.5184292349072326	0.001317134559725536	0.0033171101815194564
Mathys	Sst_11	Inhibitory	0.2387819276287432	-0.05970287079194092	0.041285788579675554	-3.926012492577717	0.001317134559725536	-0.005171086735888305
Mathys	Sst_12	Inhibitory	0.7803451676571576	-0.02317558962209928	0.02897092061706979	2.815759703595649	0.001317134559725536	0.003708734417488361
Mathys	Sst_13	Inhibitory	0.6048978450950697	-0.054218696337946876	0.027834773709629456	1.0576212295621017	0.001317134559725536	0.001393029472555659
Mathys	Sst_19	Inhibitory	0.5541324758571757	-0.05139337866818921	0.027014948113236577	0.6768791971202198	0.001317134559725536	0.0008915409832863151
Mathys	Sst_2	Inhibitory	0.3192887752225759	-0.06960841657685558	0.03639536715416656	-3.8347467465265948	0.001317134559725536	-0.005050877467645238
Mathys	Sst_20	Inhibitory	0.2957429970923577	-0.08612286085978962	0.04212539515794953	-4.626976263244299	0.001317134559725536	-0.006094350343348786
Mathys	Sst_22	Inhibitory	0.2621819638814291	-0.057600116574211886	0.032630025508826356	-1.9081757843741642	0.001317134559725536	-0.0025133242716305943
Mathys	Sst_23	Inhibitory	0.1967533779707338	-0.03432834309339968	0.04154822884094528	-4.285886850782601	0.001317134559725536	-0.0056450896902390055
Mathys	Sst_25	Inhibitory	0.2177220453776422	-0.015941334077255145	0.04356174993018384	-3.2170569049375466	0.001317134559725536	-0.004237296830096911
Mathys	Sst_3	Inhibitory	0.4598165704652676	-0.07751393498856311	0.03762189956385202	-4.384139240491552	0.001317134559725536	-0.005774501308300287
Mathys	Sst_4	Inhibitory	0.7590957304050299	0.03506724727297342	0.02781942581140249	4.098132074014513	0.001317134559725536	0.005397791385004204
Mathys	Sst_5	Inhibitory	0.679538710548478	-0.026130374060903842	0.028125951426695488	3.436973741020248	0.001317134559725536	0.004526956895166933
Mathys	Sst_7	Inhibitory	0.8373444632991687	0.07156500436837857	0.03410144480231921	4.12054852077838	0.001317134559725536	0.00542731686174314
Mathys	Sst_9	Inhibitory	0.6073494399404031	-0.07598841979146136	0.031432293888690475	1.1019859319246457	0.001317134559725536	0.0014514637552693027
Mathys	Vip_1	Inhibitory	0.2350554089747075	0.036034260496737344	0.03569205116903939	-5.515684429444736	0.001317134559725536	-0.007264898582561687
Mathys	Vip_11	Inhibitory	0.2582343862743472	0.043038507856181255	0.05435982769425487	-6.720528806228852	0.001317134559725536	-0.008851840750315022
Mathys	Vip_12	Inhibitory	0.2662593472494122	0.01823698980057694	0.024781218160205485	-1.0242932973579149	0.001317134559725536	-0.0013491321012453349
Mathys	Vip_13	Inhibitory	0.2194681761737045	0.08776868100821926	0.02731392457432122	-1.7634963181094172	0.001317134559725536	-0.002322761946530651
Mathys	Vip_14	Inhibitory	0.3315424436417966	0.0162235467323635	0.028509619915578197	-2.178627991019088	0.001317134559725536	-0.0028695462197566557
Mathys	Vip_15	Inhibitory	0.348308194180037	-0.00893316242001816	0.02686088791556735	-2.27345404912723	0.001317134559725536	-0.0029944448980534313
Mathys	Vip_16	Inhibitory	0.2376843396288952	0.03272184992995899	0.02794821578268676	-2.0971593530897596	0.001317134559725536	-0.0027622410612061707
Mathys	Vip_18	Inhibitory	0.4317549423950566	-0.011802471182265076	0.028905152287534524	1.2103634467868232	0.001317134559725536	0.0015942115255914446
Mathys	Vip_19	Inhibitory	0.5167087850184927	0.042449447395796744	0.028288311925920972	-2.014586952318559	0.001317134559725536	-0.002653482098470915
Mathys	Vip_2	Inhibitory	0.3743908763624244	-0.017306595555270414	0.026950434799299736	-2.2329154912439915	0.001317134559725536	-0.002941050162463984
Mathys	Vip_21	Inhibitory	0.2073933055044298	0.030277387261337746	0.0280059081757746	-2.1521537303007805	0.001317134559725536	-0.0028346760560213884
Mathys	Vip_23	Inhibitory	0.514918470758501	0.014768454957681875	0.02335909214810546	-0.39053547211331435	0.001317134559725536	-0.0005143877671191747
Mathys	Vip_4	Inhibitory	0.2460677831117061	0.03219815993054751	0.03268304668276641	-5.761760019019341	0.001317134559725536	-0.007589013245895237
Mathys	Vip_5	Inhibitory	0.2025897285247291	0.045338984143680074	0.031283088051906445	-2.8346550339371652	0.001317134559725536	-0.003733622110098603
Mathys	Vip_6	Inhibitory	0.2124526037871233	0.052231299712327615	0.028679608120075306	-2.832644607946235	0.001317134559725536	-0.003730974108546178
Mathys	Vip_9	Inhibitory	0.1955107516726868	0.018928606151219565	0.02777692275191047	-3.436603675929366	0.001317134559725536	-0.004526469469646384
