dataset	phenotype	n_donors	n_healthy	n_types	slope_obs	slope_pred	slope_adj	share	share_lo	share_hi	rho_obs	p_obs	rho_adj	p_adj	rho_gamma_beta
Green	cerad_ad	436	260	106	0.04115597075280519	0.024776385443222734	0.006952942131374378	0.6020119314409313	0.3494006002952428	1.7046647102477328	0.2866664987278636	0.0028899362722837234	0.031876464216439526	0.7456507891283501	0.3633775852079502
Green	cogdx	422	260	106	0.05178588511501027	0.018946656530954554	0.018636328787769944	0.36586526403625796	0.23812159228082969	0.6187196242120558	0.48717535330125705	1.1846843119703426e-07	0.20531022495402673	0.03474811809443325	0.49400710381137114
Green	dementia	436	260	106	0.16094393597282441	0.09768196092589579	0.03401185800861285	0.606931602209539	0.427839508610082	0.9270959624242877	0.5477038567146132	1.2316840889934772e-09	0.17298536413330984	0.07618393750341736	0.5416479834748218
Mathys	cerad_ad	398	239	106	0.002932230866162045	0.007048009905352925	-0.00810044131869482	2.4036340339660787	-7.473924094245156	8.485796236052678	0.0016071743456684384	0.9869546212842963	-0.08329596694964356	0.39594101567255213	0.13604554500340077
Mathys	cogdx	387	239	106	0.06140121210091622	0.023768323321073873	0.02950108920306269	0.3870986012785765	0.2745432793987601	0.6949859066507171	0.40622213265486057	1.556454055417774e-05	0.2522759906290148	0.009083780757976145	0.43232989898480995
Mathys	dementia	398	239	106	0.1434814466286129	0.08714482063232218	0.03174526137665402	0.6073595066119432	0.4219780251333865	1.0764003052189601	0.38908229841045927	3.75610717132385e-05	0.12314784492530921	0.20852032464018722	0.43208806710834574
Multiome 2025	cerad_ad	406	251	106	0.057585355876040224	0.0748752705564713	-0.012111948168536682	1.3002484645167394	0.8176680546134469	2.8976998937312306	0.25987354208126556	0.0071404089261743065	-0.15389072222082273	0.11525334617260703	0.43017356475300406
Multiome 2025	cogdx	366	251	106	0.06301209843815578	0.03945951400519688	0.021268764500240112	0.6262212334338467	0.4559335000543777	0.9889308775600909	0.4340428747764315	3.3470063244691736e-06	0.1721691815502431	0.07760141944287495	0.47807642894929087
Multiome 2025	dementia	368	251	106	0.18075816511599538	0.11254716105233774	0.053366294784080955	0.6226394308667298	0.4685455735920383	0.9481934173582472	0.44704133813638314	1.5557913430581165e-06	0.1525304179157115	0.11854140764585593	0.5567221704410912
PsychAD	cerad_ad	1016	299	106	0.06450991507621845	0.0899211776599036	-0.01796168434756858	1.393912510249963	0.8650774385727382	2.8334499194906533	0.3315766934529058	0.0005164424627283585	-0.10577625513262967	0.2805202506780028	0.32496662216288386
PsychAD	dementia	985	333	106	0.10497924175292243	0.1662497861378369	-0.0023501822184173854	1.5836443792299424	0.8386331596798033	5.537023338585327	0.29404237096002217	0.0022178863813426056	0.03941355769957427	0.6883229795797108	0.30720205557094993
