dataset	donor	cerad_ad	dementia	age	sex	depth_exc	depth_inh
Green	TLP004219	2.0	0.0	85.82614647501711	1.0	0.41081755119450053	0.42572782208397225
Green	TLP004220	3.0	1.0	95.18412046543465	0.0	0.4690981600011928	0.45656421111540446
Green	TLP004222	2.0	0.0	81.93839835728953	1.0	0.4025680582889729	0.4168677232920961
Green	TLP004223	2.0	1.0	87.8466803559206	0.0	0.4839557958526948	0.4697537087572182
Green	TLP004225	0.0	0.0	91.55373032169749	0.0	0.3811494296057818	0.38113598873018684
Green	TLP004226	1.0	0.0	89.10335386721424	0.0	0.37213201945620555	0.4010709197295382
Green	TLP004227	3.0	1.0	84.91170431211499	0.0	0.5353922509600482	0.5116331911100436
Green	TLP004228	2.0	1.0	88.36960985626285	0.0	0.5560288204239854	0.48830038165967
Green	TLP004229	1.0	0.0	95.60780287474331	0.0	0.383344647331472	0.4014869387201838
Green	TLP004230	3.0	1.0	86.06160164271047	0.0	0.37209674519922964	0.3687813395101262
Green	TLP004231	1.0	0.0	94.42573579739904	0.0	0.5148271738367893	0.4862394764389788
Green	TLP004232	3.0	0.0	86.89664613278576	1.0	0.42675101153614264	0.41766455864750524
Green	TLP004237	2.0	0.0	88.95003422313484	1.0	0.3793189298664746	0.3937599550579505
Green	TLP004238	2.0	0.0	92.96098562628336	1.0	0.43389343174235195	0.4332821561031884
Green	TLP004243	3.0	0.0	90.14715947980837	1.0	0.4340162372770328	0.4065371027890398
Green	TLP004244	3.0	1.0	87.86036960985626	0.0	0.41125460548455894	0.38930118936466235
Green	TLP004247	3.0	1.0	87.23887748117727	1.0	0.34599627497516516	0.3957178339335682
Green	TLP004250	2.0	0.0	88.70636550308008	1.0	0.44576523233038173	0.44943240412179997
Green	TLP004251	2.0	0.0	91.85215605749488	0.0	0.37818505119302004	0.40423890803475526
Green	TLP004254	3.0	1.0	91.22724161533196	0.0	0.39244668425283447	0.4105616348682464
Green	TLP004256	3.0	1.0	94.015742642026	0.0	0.48077767117390896	0.4586699373852977
Green	TLP004257	0.0	0.0	96.71457905544148	1.0	0.45795452117783836	0.48096325453187183
Green	TLP004262	2.0	1.0	91.62149212867898	0.0	0.44193027011444125	0.45427148913262494
Green	TLP004264	0.0	0.0	84.6488706365503	0.0	0.4222941015309959	0.448958240384664
Green	TLP004266	2.0	0.0	94.66392881587952	1.0	0.42328098190053964	0.4476242199939868
Green	TLP004271	0.0	0.0	83.87132101300479	1.0	0.4376307767708498	0.4437472090346911
Green	TLP004272	3.0	0.0	91.04243668720056	0.0	0.41000923477259155	0.4215965272584814
Green	TLP004276	2.0	1.0	76.3586584531143	0.0	0.494801536540681	0.4663817549211532
Green	TLP004278	1.0	1.0	91.36481861738535	1.0	0.5514751778046326	0.5095397460153226
Green	TLP004279	3.0	0.0	81.57973990417523	1.0	0.41301761491267297	0.4166176384454528
Green	TLP004280	2.0	1.0	108.2819986310746	1.0	0.4284531215883336	0.45725838767707183
Green	TLP004281	2.0	0.0	79.63039014373716	0.0	0.4417379790365039	0.45298528091524326
Green	TLP004284	3.0	1.0	84.90622861054072	1.0	0.5646612078188277	0.5033700065167684
Green	TLP004285	2.0	0.0	87.21149897330595	0.0	0.44844973605433025	0.4233783103649963
Green	TLP004286	3.0	1.0	94.84804928131416	0.0	0.5060377952109629	0.4874994562819005
Green	TLP004287	3.0	1.0	91.80903490759756	0.0	0.46902276305679425	0.47959118953314567
Green	TLP004288	0.0	1.0	94.43052703627652	0.0	0.43358768633509903	0.4377709935217986
Green	TLP004293	3.0	0.0	87.41957563312799	0.0	0.46525844276347195	0.4226243167989887
Green	TLP004298	0.0	0.0	90.01574264202601	0.0	0.4581085546583843	0.45434452765029215
Green	TLP004304	2.0	0.0	85.09514031485284	0.0	0.5490256337047134	0.49874311310198793
Green	TLP004305	3.0	1.0	90.0485968514716	0.0	0.7212138682724518	0.5722019113401814
Green	TLP004309	3.0	1.0	93.2375085557837	0.0	0.5150994601577878	0.47257381840151635
Green	TLP004311	2.0	1.0	91.94524298425736	0.0	0.37213493524099184	0.40019668860896396
Green	TLP004313	0.0	0.0	85.4318959616701	1.0	0.5341038965205107	0.5145245063384546
Green	TLP004314	2.0	0.0	91.56810403832992	0.0	0.4675677957496621	0.4659039261422301
Green	TLP004316	0.0	0.0	75.99452429842573	0.0	0.45447029026047764	0.4344357485898711
Green	TLP004318	2.0	0.0	88.83230663928816	0.0	0.3925927550672776	0.39709847703707457
Green	TLP004321	2.0	0.0	93.72553045859	0.0	0.4089715957153369	0.3907770688491228
Green	TLP004322	0.0	1.0	98.22039698836412	1.0	0.3841436916751718	0.4056192784142458
Green	TLP004324	0.0	0.0	75.43326488706364	0.0	0.5105355842896471	0.4578895092966194
Green	TLP004325	1.0	0.0	84.55852156057495	0.0	0.42278603216836913	0.41841597513832396
Green	TLP004328	1.0	0.0	93.64271047227926	0.0	0.431761489421312	0.41577132610129264
Green	TLP004334	3.0	1.0	88.79123887748116	0.0	0.399463933115003	0.395425942052597
Green	TLP004360	2.0	0.0	91.16427104722791	0.0	0.35891609919786943	0.3691070562899591
Green	TLP004371	1.0	0.0	93.55578370978782	1.0	0.38674357049082025	0.38628580714456945
Green	TLP004378	2.0	0.0	91.40109514031484	0.0	0.4760761432799349	0.4470421226625766
Green	TLP004381	2.0	0.0	92.74264202600958	0.0	0.5023835459866469	0.44830291765362495
Green	TLP004398	0.0	0.0	93.49828884325804	0.0	0.5336742171276384	0.49406523705504646
Green	TLP004400	2.0	1.0	88.92265571526352	1.0	0.4978529747259047	0.48062721870457253
Green	TLP004401	2.0	0.0	94.07323750855578	0.0	0.4928305262191587	0.42731596696811025
Green	TLP004415	3.0	0.0	95.23956194387408	0.0	0.4555566029828066	0.4537531404863621
Green	TLP004420	0.0	0.0	91.77618069815196	0.0	0.4886924475239264	0.45569693321708143
Green	TLP004430	3.0	1.0	88.27926078028747	0.0	0.5247662950331564	0.5116802084721891
Green	TLP004432	2.0	0.0	93.28405201916496	0.0	0.4990880334237792	0.4798186227331723
Green	TLP004435	2.0	0.0	74.98425735797399	1.0	0.41830870556237965	0.40859113451160706
Green	TLP004436	2.0	1.0	89.39356605065024	0.0	0.23910212837136602	0.3121146088974017
Green	TLP004441	3.0	1.0	91.64681724845995	0.0	0.3383737931929506	0.3672600270138005
Green	TLP004442	0.0	1.0	89.11978097193703	1.0	0.5651775544538205	0.5249436341660167
Green	TLP004444	2.0	0.0	85.69472963723477	1.0	0.39405153462322495	0.3966401047086832
Green	TLP004447	2.0	0.0	82.14373716632444	0.0	0.5013957334889709	0.4686550244295028
Green	TLP004448	3.0	1.0	91.64065708418892	0.0	0.4682265047148997	0.4500013587313386
Green	TLP004453	0.0	0.0	92.15947980835044	0.0	0.45242622217500233	0.42017656198857556
Green	TLP004456	2.0	0.0	87.15674195756331	1.0	0.3905400518470654	0.4199588396334926
Green	TLP004458	1.0	1.0	80.87337440109513	1.0	0.4159512157545635	0.40529592549170457
Green	TLP004459	2.0	0.0	79.68240930869267	0.0	0.35713160697345364	0.3869224954296645
Green	TLP004460	3.0	1.0	93.0766598220397	0.0	0.5097800473825052	0.48460336646326657
Green	TLP004463	3.0	0.0	82.03422313483915	0.0	0.3343623313677129	0.39270206561334153
Green	TLP004465	2.0	1.0	92.94113620807666	0.0	0.43933644699549945	0.4583208709380257
Green	TLP004467	2.0	0.0	95.3832991101985	0.0	0.4817469304543746	0.4716809134020329
Green	TLP004470	3.0	1.0	93.17180013689254	1.0	0.37839879047139613	0.41679539480727107
Green	TLP004471	3.0	1.0	87.66872005475702	0.0	0.47000084103415074	0.43348159418405763
Green	TLP004473	0.0	0.0	83.53730321697469	1.0	0.469294233686269	0.4375693587976409
Green	TLP004474	0.0	0.0	82.43394934976044	1.0	0.5021375767597305	0.47175527753861807
Green	TLP004476	2.0	1.0	95.16700889801508	0.0	0.42904913979751724	0.42095659705794974
Green	TLP004479	2.0	0.0	92.9767282683094	0.0	0.4367948316048344	0.41485296485933765
Green	TLP004482	0.0	0.0	87.28542094455852	0.0	0.4057316758317167	0.41604781839120264
Green	TLP004490	0.0	0.0	80.77207392197126	1.0	0.6011414467067387	0.5029475401067471
Green	TLP004493	0.0	0.0	85.91101984941821	1.0	0.47450850995500227	0.48058132661393976
Green	TLP004494	2.0	1.0	93.89801505817934	0.0	0.5114868161921727	0.48642789114034374
Green	TLP004497	3.0	1.0	80.90622861054072	0.0	0.5624999007326605	0.5397275768277278
Green	TLP004498	2.0	1.0	91.57494866529774	0.0	0.45632820973669247	0.4362191494749682
Green	TLP004500	0.0	0.0	82.97878165639973	1.0	0.46765445114054327	0.43515933691827524
Green	TLP004507	3.0	0.0	84.87611225188228	0.0	0.39185612800835123	0.41756759214945605
Green	TLP004508	1.0	1.0	73.7905544147844	1.0	0.44301345068389275	0.4560205661199506
Green	TLP004509	2.0	1.0	91.89801505817934	0.0	0.4243781428136346	0.42364641723908986
Green	TLP004510	0.0	0.0	93.09787816563995	1.0	0.4184124703933437	0.39158433885638505
Green	TLP004518	3.0	1.0	92.92881587953455	0.0	0.5551014018238158	0.5349985980712026
Green	TLP004521	3.0	1.0	86.9678302532512	0.0	0.3757659185006846	0.3803482804054764
Green	TLP004524	2.0	1.0	87.9917864476386	1.0	0.4680274279731596	0.4339781716787201
Green	TLP004525	1.0	0.0	80.85420944558521	0.0	0.41626335785576646	0.43354009303669083
Green	TLP004526	3.0	1.0	88.64339493497604	0.0	0.3291155985168762	0.3740389946861873
Green	TLP004533	2.0	1.0	97.60164271047228	1.0	0.4563112277188333	0.4307766254625278
Green	TLP004534	3.0	1.0	89.7138945927447	1.0	0.39966429680416116	0.43941058457457416
Green	TLP004535	2.0	1.0	87.84941820670774	1.0	0.49885140818196055	0.48306327836221663
Green	TLP004537	3.0	1.0	83.16221765913758	0.0	0.517689239791143	0.49445552317859676
Green	TLP004538	0.0	0.0	87.65503080082135	0.0	0.444623213585946	0.4306181627935337
Green	TLP004539	2.0	1.0	92.21834360027378	0.0	0.3927583389444461	0.40919691851522355
Green	TLP004540	0.0	1.0	96.04585900068446	0.0	0.5025475178220458	0.4478394389385228
Green	TLP004542	0.0	1.0	93.56810403832992	0.0	0.3920303648045937	0.4087699003673351
Green	TLP004543	3.0	1.0	98.84462696783024	0.0	0.46287976581155277	0.43508125625322736
Green	TLP004544	3.0	1.0	90.42299794661191	0.0	0.5366750861420183	0.48032038575396985
Green	TLP004549	2.0	0.0	95.4106776180698	0.0	0.3863392159482278	0.38571491690372384
Green	TLP004550	0.0	0.0	76.8186173853525	1.0	0.4345561852775957	0.42708421462748175
Green	TLP004551	2.0	0.0	93.63175906913074	0.0	0.40081064446534787	0.40865104392695584
Green	TLP004552	0.0	0.0	89.72758384668035	0.0	0.5221872402103517	0.5030900170230128
Green	TLP004553	0.0	0.0	86.83641341546885	0.0	0.5353215178067731	0.5241409547620893
Green	TLP004557	1.0	1.0	91.16769336071184	1.0	0.37787200450673153	0.37467825937314925
Green	TLP004560	2.0	0.0	85.8507871321013	1.0	0.6007840424895158	0.5003171682322884
Green	TLP004562	0.0	0.0	90.23066392881589	0.0	0.45708379558659284	0.4367553059598844
Green	TLP004563	0.0	0.0	88.50650239561944	0.0	0.42820391686705456	0.4193482326521931
Green	TLP004564	2.0	1.0	87.83572895277207	0.0	0.5158668148604411	0.5144629726993153
Green	TLP004565	3.0	1.0	92.32580424366871	1.0	0.4282779016771718	0.4289661351254799
Green	TLP004566	3.0	0.0	86.67488021902807	0.0	0.5574487572883493	0.5005185449142007
Green	TLP004567	1.0	0.0	84.15879534565366	0.0	0.42784122047443846	0.44097470402414485
Green	TLP004568	2.0	0.0	83.72895277207392	1.0	0.4378171795995872	0.40240141062240936
Green	TLP004571	0.0	0.0	96.0164271047228	0.0	0.4099553432479454	0.4207142799075282
Green	TLP004572	2.0	0.0	90.70294318959616	0.0	0.4732809285792064	0.43455621164329383
Green	TLP004573	1.0	0.0	74.82546201232033	0.0	0.4417684998463375	0.4403734947560237
Green	TLP004574	0.5	0.0	95.92265571526352	0.0	0.3927453896057769	0.3887292229566333
Green	TLP004575	3.0	1.0	98.1492128678987	0.0	0.3947010211908226	0.4274826256230186
Green	TLP004577	3.0	0.0	92.77754962354553	0.0	0.45118280598095284	0.4215104379094486
Green	TLP004578	1.0	0.0	72.72005475701575	1.0	0.42910485280844907	0.41336620562986226
Green	TLP004580	2.0	0.0	82.93497604380562	0.0	0.4195515770173171	0.42878811254748794
Green	TLP004581	1.0	0.0	76.28473648186174	0.0	0.3747013153663093	0.43110789212835293
Green	TLP004582	3.0	0.0	97.3141683778234	0.0	0.41550099337895346	0.42027207681675416
Green	TLP004583	2.0	0.0	91.41478439425052	1.0	0.45125337179683017	0.4493246238762476
Green	TLP004586	1.0	0.0	79.37577002053388	1.0	0.3662745259317251	0.3968133661493014
Green	TLP004591	2.0	0.0	95.33812457221084	1.0	0.49307188577943	0.4487770999163911
Green	TLP004593	3.0	0.0	91.72279260780287	0.0	0.4471655859662819	0.43563610093948985
Green	TLP004595	3.0	1.0	89.04585900068446	1.0	0.4451576117785649	0.3863757085818913
Green	TLP004599	0.0	0.0	92.06570841889118	1.0	0.48628232886433537	0.42949510499642285
Green	TLP004600	2.0	1.0	94.26488706365504	0.0	0.5405167469422882	0.511190032078646
Green	TLP004604	3.0	0.0	88.16427104722794	0.0	0.556591476727556	0.4805272991452222
Green	TLP004606	1.0	0.0	91.37577002053388	0.0	0.5439897655697947	0.49015804164867066
Green	TLP004607	0.0	0.0	95.59548254620124	0.0	0.4055254745880643	0.4057381668478889
Green	TLP004608	3.0	1.0	83.13210130047912	1.0	0.4087393218957378	0.39562364184921667
Green	TLP004609	3.0	1.0	88.44626967830253	0.0	0.4102421804578417	0.42449199483679234
Green	TLP004610	3.0	0.0	90.76043805612592	0.0	0.5780993739629517	0.5293274596172217
Green	TLP004611	0.0	0.0	89.53867214236824	1.0	0.3611862777824489	0.37595526704078575
Green	TLP004614	3.0	1.0	84.80766598220397	0.0	0.41912730840271684	0.42130129074274447
Green	TLP004616	0.0	0.0	91.79739904175224	1.0	0.4634239575094771	0.43343915608970357
Green	TLP004617	0.0	0.0	89.01300479123887	0.0	0.40598973254184023	0.45232361706758395
Green	TLP004618	2.0	0.0	93.77618069815196	0.0	0.4091743315910654	0.405839618740942
Green	TLP004619	0.0	0.0	89.73032169746749	0.0	0.4425384093493559	0.4442311268858065
Green	TLP004622	2.0	0.0	84.80492813141684	1.0	0.42076830677175403	0.41114872774954836
Green	TLP004623	2.0	1.0	106.4996577686516	0.0	0.39541604471448677	0.4133636096181077
Green	TLP004626	3.0	1.0	88.03285420944559	0.0	0.42043818837037894	0.4231451343162922
Green	TLP004627	1.0	0.0	91.04996577686516	0.0	0.3753449563235472	0.3839730419962074
Green	TLP004629	3.0	1.0	94.3189596167009	0.0	0.49981172306490684	0.4897971295123344
Green	TLP004630	0.0	0.0	90.75496235455168	0.0	0.42993619830972696	0.4122278925127634
Green	TLP004631	0.0	0.0	72.14784394250513	1.0	0.39289845410378754	0.3672383193979678
Green	TLP004633	3.0	1.0	85.27857631759069	0.0	0.383954782038869	0.4497413843572733
Green	TLP004634	3.0	0.0	96.0164271047228	1.0	0.43573350342228134	0.4416781046955134
Green	TLP004636	3.0	1.0	85.77686516084873	1.0	0.6526847995356826	0.5743440739582234
Green	TLP004638	2.0	1.0	77.79876796714579	0.0	0.45856589732620995	0.477686324734977
Green	TLP004639	0.0	0.0	86.29158110882958	1.0	0.3971827527926265	0.3866686385485094
Green	TLP004642	3.0	1.0	90.63997262149212	0.0	0.44640884936582204	0.441088119714531
Green	TLP004643	3.0	0.0	89.37166324435319	1.0	0.5178833235560436	0.47092378073498914
Green	TLP004645	2.0	1.0	97.77960301163588	1.0	0.4630163793181979	0.40806559043843965
Green	TLP004646	0.0	0.0	82.69130732375086	1.0	0.4521414385647691	0.41224626365546324
Green	TLP004647	2.0	0.0	86.50513347022587	1.0	0.47107950193595344	0.4268485968153837
Green	TLP004652	2.0	0.0	75.85215605749487	0.0	0.37911953354540473	0.4041785721804801
Green	TLP004653	3.0	0.0	82.96509240246407	1.0	0.4240308563090894	0.4457834139964958
Green	TLP004654	2.0	0.0	80.14784394250513	0.0	0.4205219214118022	0.42468740158626905
Green	TLP004656	0.0	0.0	89.73579739904176	0.0	0.4360192050096217	0.424404142244293
Green	TLP004657	0.0	0.0	91.8795345653662	1.0	0.4657958909228771	0.4316007654600569
Green	TLP004658	2.0	0.0	74.45037645448323	1.0	0.3300281421840941	0.41086236667972337
Green	TLP004660	3.0	0.0	91.15947980835044	1.0	0.37090037952235755	0.37774009122600777
Green	TLP004661	0.0	0.0	92.5968514715948	1.0	0.4454867829601519	0.4450526228203651
Green	TLP004662	3.0	1.0	93.85694729637234	0.0	0.46092888944485527	0.42988113838391423
Green	TLP004663	2.0	0.0	71.31006160164272	0.0	0.5230925722575757	0.46748646523727877
Green	TLP004664	2.0	0.0	86.91033538672144	0.0	0.4855914558439906	0.4536912089973621
Green	TLP004666	3.0	0.0	84.20807665982204	1.0	0.41981055029333997	0.39360647909978536
Green	TLP004667	2.0	0.0	79.84941820670774	0.0	0.39940825230063326	0.4137337775046356
Green	TLP004668	0.0	0.0	87.30184804928132	0.0	0.528423390351896	0.49160744405848356
Green	TLP004669	1.0	1.0	87.38124572210815	0.0	0.47414979765041276	0.4689268889943813
Green	TLP004671	2.0	0.0	85.35797399041752	1.0	0.39073622443781264	0.39856419637030277
Green	TLP004672	3.0	1.0	74.77344284736482	0.0	0.3965705838012431	0.3977099506665275
Green	TLP004674	2.0	1.0	96.9637234770705	1.0	0.38785480532512506	0.4336767132861569
Green	TLP004675	0.0	0.0	71.95893223819301	0.0	0.48193309932530654	0.42785438419023614
Green	TLP004676	3.0	1.0	91.79192334017796	0.0	0.46618219541090966	0.4285330077041398
Green	TLP004679	3.0	0.0	88.75017111567419	0.0	0.5539769615112081	0.5032403876789568
Green	TLP004682	2.0	0.0	94.7022587268994	1.0	0.43309284031373596	0.4365157845351344
Green	TLP004683	2.0	1.0	90.21697467488022	0.0	0.4704527854040165	0.46080893028023756
Green	TLP004684	2.0	0.0	92.53456536618754	0.0	0.3620493696812611	0.41243684117591906
Green	TLP004685	3.0	0.0	87.45242984257358	0.0	0.5205371185890943	0.48633048740176565
Green	TLP004686	2.0	0.0	89.3223819301848	1.0	0.41749739832705424	0.41234083296909557
Green	TLP004688	0.0	0.0	92.69883641341548	0.0	0.4442705644987361	0.4283082907279193
Green	TLP004689	3.0	1.0	92.47912388774812	0.0	0.4285378246596091	0.44411899210467737
Green	TLP004690	2.0	0.0	89.35249828884326	1.0	0.5153367122201924	0.4713769187779568
Green	TLP004693	1.0	0.0	87.75359342915812	1.0	0.42948312146673423	0.4535375682897512
Green	TLP004695	2.0	0.0	91.5763175906913	0.0	0.4820599294211919	0.48273219670024237
Green	TLP004699	3.0	0.0	85.4072553045859	0.0	0.6320335928405101	0.5550074147693885
Green	TLP004700	3.0	1.0	79.01437371663245	0.0	0.5560382655602015	0.4748913428537229
Green	TLP004702	2.0	0.0	86.24777549623545	0.0	0.4731055335055338	0.4158672058379057
Green	TLP004703	0.0	0.0	87.57015742642027	1.0	0.48014869369683627	0.45359115069180733
Green	TLP004705	0.0	0.0	80.05749486652978	0.0	0.39486478019925014	0.3957125835979956
Green	TLP004706	3.0	1.0	84.70088980150582	1.0	0.43719676301049193	0.43642578725258835
Green	TLP004707	1.0	0.0	93.60369609856264	0.0	0.34675656031188334	0.3592064838051785
Green	TLP004710	0.0	1.0	76.27104722792608	1.0	0.5104204563111713	0.48657040064340074
Green	TLP004712	2.0	0.0	77.45927446954141	1.0	0.6467076048110226	0.5788018168169451
Green	TLP004715	2.0	0.0	91.1533196440794	0.0	0.42736454787547173	0.4093997518178595
Green	TLP004716	2.0	1.0	89.37440109514031	0.0	0.4322630788472893	0.41101469420498893
Green	TLP004717	3.0	0.0	86.03696098562628	0.0	0.5076702151041276	0.46689635466329604
Green	TLP004719	2.0	0.0	96.31553730321698	0.0	0.4912289165624963	0.4672736537423593
Green	TLP004725	0.0	0.0	95.54483230663928	0.0	0.4045434408106192	0.41456178496903634
Green	TLP004727	3.0	0.0	92.54140999315538	0.0	0.432037214963288	0.4577395527091055
Green	TLP004729	3.0	1.0	87.22245037645449	0.0	0.44235004128629174	0.4232543618597766
Green	TLP004730	2.0	1.0	94.2991101984942	0.0	0.4293233722710021	0.4086751447283722
Green	TLP004731	3.0	0.0	89.41820670773441	0.0	0.42393864356082966	0.40604326787650263
Green	TLP004732	0.0	0.0	90.67008898015058	0.0	0.4187024956062185	0.41158182532621723
Green	TLP004734	2.0	1.0	85.89733059548254	1.0	0.47910289759373204	0.4269063924427768
Green	TLP004735	0.0	0.0	90.06776180698152	0.0	0.45397514070302036	0.4423801066296976
Green	TLP004738	2.0	0.0	92.61054072553046	0.0	0.4049583869808181	0.45717818405273497
Green	TLP004740	2.0	1.0	94.58247775496235	1.0	0.5145921718414882	0.4976338311121498
Green	TLP004741	3.0	1.0	94.68651608487338	0.0	0.4134576301005699	0.4403914498767315
Green	TLP004742	3.0	0.0	95.57563312799452	0.0	0.4773259879635081	0.4830546956744882
Green	TLP004744	2.0	1.0	84.32032854209446	1.0	0.450127634432868	0.4237607418506598
Green	TLP004745	1.0	0.0	91.27515400410678	0.0	0.36555023924364427	0.36691648709025415
Green	TLP004749	2.0	0.0	87.0116358658453	1.0	0.20422647144336442	0.22782865270915648
Green	TLP004750	2.0	1.0	86.05886379192334	0.0	0.36460618658568145	0.41726382067408574
Green	TLP004751	3.0	0.0	86.87200547570157	0.0	0.37259001665994823	0.3720993981414087
Green	TLP004755	3.0	1.0	93.2621492128679	0.0	0.3413063323333122	0.3747040095673985
Green	TLP004756	3.0	0.0	90.12183436002738	0.0	0.7707167553774588	0.6514929358596787
Green	TLP004759	0.0	0.0	83.30458590006845	1.0	0.3948102488912225	0.40891681389145085
Green	TLP004760	3.0	1.0	91.86858316221766	0.0	0.4365880547870171	0.4436265215158326
Green	TLP004761	3.0	0.0	78.5516769336071	0.0	0.5013084178593921	0.46529516657146286
Green	TLP004762	2.0	1.0	77.31416837782339	0.0	0.46445776917460035	0.4277690454419363
Green	TLP004763	1.0	0.0	95.233401779603	1.0	0.45309838807927805	0.4322804681310546
Green	TLP004764	3.0	0.0	90.40177960301163	0.0	0.42927326339229793	0.428703966909306
Green	TLP004771	3.0	0.0	86.08624229979466	0.0	0.4356156354054072	0.4317996313502327
Green	TLP004772	3.0	0.0	92.088295687885	0.0	0.41721878908757704	0.4288477623431778
Green	TLP004775	1.0	1.0	92.4674880219028	0.0	0.38680129543055947	0.4215085165505536
Green	TLP004777	2.0	0.0	88.79123887748118	0.0	0.4329550607725623	0.42651110817501214
Green	TLP004778	3.0	1.0	92.95482546201232	0.0	0.48200670595984907	0.42591921117821496
Green	TLP004779	3.0	0.0	94.24572210814512	0.0	0.3634268924720632	0.38628174885798783
Green	TLP004781	3.0	1.0	89.87816563997262	0.0	0.39650514183330937	0.42331668595998495
Green	TLP004782	2.0	1.0	88.46817248459959	1.0	0.5097871612785871	0.4805455788237539
Green	TLP004783	1.0	0.0	90.35660506502396	0.0	0.5838730324427376	0.5382687080957724
Green	TLP004784	0.0	0.0	89.08692676249144	1.0	0.34589715670774396	0.35319167331301293
Green	TLP004785	0.0	0.0	85.78507871321013	0.0	0.47706126397776666	0.44007665210755753
Green	TLP004786	3.0	0.0	90.71321013004793	0.0	0.4597651309994605	0.45859177779670834
Green	TLP004788	2.0	0.0	88.08761122518823	0.0	0.45922975002181976	0.42953863039473483
Green	TLP004791	0.0	0.0	90.46611909650925	0.0	0.40754936473567926	0.40580197533383716
Green	TLP004793	0.0	0.0	83.74537987679672	0.0	0.4098141595846956	0.43840560134219686
Green	TLP004794	2.0	1.0	90.84531143052703	1.0	0.5005326322798356	0.4337311374710042
Green	TLP004796	0.0	1.0	84.44079397672827	0.0	0.430412634144453	0.4291849240513408
Green	TLP004797	3.0	1.0	87.24161533196441	0.0	0.5559886518815267	0.5074164644100085
Green	TLP004798	3.0	1.0	95.73648186173853	0.0	0.46441224369699413	0.4301747548758234
Green	TLP004801	0.0	1.0	90.51334702258728	1.0	0.33672952531450817	0.3473268642583845
Green	TLP004804	2.0	1.0	92.27173169062286	0.0	0.37540563266112736	0.3605240040085411
Green	TLP004805	3.0	0.0	90.43942505133472	1.0	0.42316198527002563	0.41344634703844735
Green	TLP004807	0.0	0.0	91.08350444900752	1.0	0.44223680244634367	0.4027425836051502
Green	TLP004809	2.0	0.0	85.16358658453115	0.0	0.3922777625986761	0.37252877761995756
Green	TLP004810	2.0	1.0	95.4312114989733	0.0	0.43789440219432846	0.43401955208519594
Green	TLP004811	0.0	0.0	87.46611909650925	1.0	0.4924137933886917	0.42975005537673283
Green	TLP004813	0.0	1.0	104.26009582477757	0.0	0.4556937836643099	0.4358253022643203
Green	TLP004814	2.0	1.0	91.65229295003422	1.0	0.3472586952688528	0.35546256074767124
Green	TLP004815	3.0	1.0	90.90965092402465	0.0	0.4054144350424711	0.41729375650012035
Green	TLP004816	0.0	1.0	92.85147159479808	0.0	0.5401136797693747	0.4936458363226212
Green	TLP004817	2.0	1.0	90.56331279945243	0.0	0.3432170178045047	0.3386918692916719
Green	TLP004825	2.0	0.0	85.3223819301848	1.0	0.370737075633403	0.3820036373803591
Green	TLP004826	2.0	1.0	87.99178644763859	0.0	0.48197018453836304	0.4580360997198728
Green	TLP004827	2.0	0.0	93.77070499657768	0.0	0.37908919233906724	0.3867398502946009
Green	TLP004828	2.0	1.0	100.7501711156742	0.0	0.4960804494511464	0.47265621328618684
Green	TLP004829	2.0	0.0	94.015742642026	0.0	0.4589195066054904	0.4527243005738351
Green	TLP004831	2.0	1.0	90.9753593429158	0.0	0.46454404286922457	0.45941705719764747
Green	TLP004832	0.0	1.0	89.72758384668036	0.0	0.5625814584299127	0.5064199230332028
Green	TLP004837	0.0	0.0	79.53456536618754	1.0	0.36556150003400645	0.3608249690517205
Green	TLP004840	3.0	0.0	85.4839151266256	0.0	0.39349593851745607	0.44163575682038303
Green	TLP004842	0.0	0.0	85.83436002737851	1.0	0.45242153451803685	0.4188228128034164
Green	TLP004844	2.0	0.0	89.66735112936345	0.0	0.45533587701111033	0.4162187936705456
Green	TLP004845	1.0	0.0	92.62422997946612	0.0	0.3703927212361403	0.39933244162285203
Green	TLP004846	2.0	0.0	91.57357973990418	0.0	0.4103852459391567	0.4173980563547774
Green	TLP004848	3.0	0.0	80.92539356605064	0.0	0.42846937940166574	0.45603550205911114
Green	TLP004850	3.0	1.0	91.11841204654348	0.0	0.4574619826110489	0.4849219042136877
Green	TLP004851	0.0	0.0	87.11567419575633	0.0	0.3561241023784337	0.39224391005774917
Green	TLP004852	2.0	1.0	91.37508555783712	0.0	0.43574774924256543	0.4180986325485329
Green	TLP004853	2.0	1.0	84.03011635865845	1.0	0.5004594987641824	0.4732344428080756
Green	TLP004855	3.0	0.0	90.86721423682408	0.0	0.42012627281042403	0.3813890428277521
Green	TLP004856	3.0	1.0	88.96098562628337	1.0	0.4798954951845387	0.46958493535358875
Green	TLP004857	3.0	1.0	89.64271047227926	1.0	0.38307637193764166	0.4095542250173646
Green	TLP004859	2.0	1.0	92.65503080082136	0.0	0.4163537435131457	0.4238474097235331
Green	TLP004860	0.0	0.0	97.28952772073922	0.0	0.4061997127268395	0.40321573180554776
Green	TLP004861	2.0	1.0	91.09377138945928	1.0	0.5685605159530368	0.5178569759984555
Green	TLP004862	2.0	1.0	93.70020533880904	0.0	0.4001290388619744	0.401503577738059
Green	TLP004863	3.0	0.0	83.11019849418207	0.0	0.35754459227608604	0.37109162272641816
Green	TLP004864	3.0	0.0	90.16016427104722	0.0	0.42255030256531945	0.4119343455286757
Green	TLP004865	0.0	0.0	83.97535934291581	0.0	0.4608913526775094	0.45104256898536377
Green	TLP004866	2.0	0.0	90.5325119780972	1.0	0.4844081003280032	0.47522354004665335
Green	TLP004867	3.0	1.0	83.57563312799452	0.0	0.3881690997684432	0.3946454113123861
Green	TLP004872	2.0	0.0	92.5448323066393	1.0	0.42908898312096666	0.41444327182472196
Green	TLP004878	2.0	1.0	94.21286789869951	0.0	0.46093914363883165	0.4468738140219266
Green	TLP004879	2.0	1.0	80.03285420944559	0.0	0.4661553187109333	0.4554932744572636
Green	TLP004880	0.0	0.0	72.42984257357973	1.0	0.5536710640573068	0.5003218658930337
Green	TLP004881	2.0	1.0	84.47091033538672	0.0	0.4307206470261525	0.43268682269251557
Green	TLP004882	1.0	0.0	84.1615331964408	0.0	0.4517039517169544	0.42828521691710963
Green	TLP004883	2.0	0.0	94.17180013689254	0.0	0.3633506176176027	0.3811712098490307
Green	TLP004887	3.0	1.0	93.00479123887747	0.0	0.3955837464440395	0.3946415138038156
Green	TLP004888	0.0	1.0	89.47843942505133	0.0	0.44851410792780094	0.4444848463937402
Green	TLP004889	1.0	0.0	85.01848049281314	1.0	0.47741691704762607	0.4555099391812216
Green	TLP004890	3.0	1.0	80.68720054757014	0.0	0.3977689896986124	0.42813761013046564
Green	TLP004895	0.0	0.0	83.69062286105407	0.0	0.3883098602724099	0.40134258531792644
Green	TLP004896	0.0	0.0	79.11567419575633	0.0	0.5065820173428373	0.46388631414677395
Green	TLP004897	2.0	1.0	90.14852840520192	0.0	0.48387358737500374	0.4503631862614059
Green	TLP004898	2.0	0.0	84.36413415468857	1.0	0.3900146847076358	0.411998647397758
Green	TLP004900	3.0	1.0	94.42642026009582	0.0	0.43915734768828946	0.4288715639555338
Green	TLP004901	3.0	1.0	90.06981519507187	1.0	0.4784385455074204	0.4795302447956485
Green	TLP004902	2.0	0.0	98.7378507871321	0.0	0.3539426104599559	0.32997758064429644
Green	TLP004904	0.0	0.0	80.85694729637235	0.0	0.44284746222099247	0.44040257448082276
Green	TLP004908	2.0	1.0	94.2861054072553	0.0	0.5153041732907089	0.46136189403100486
Green	TLP004910	3.0	1.0	88.20260095824777	1.0	0.410632754380653	0.41052859697505306
Green	TLP004913	0.0	0.0	76.69541409993155	1.0	0.5363830595199084	0.44923848555387846
Green	TLP004914	2.0	0.0	93.04312114989732	1.0	0.3536841801570511	0.3612312805253294
Green	TLP004915	2.0	0.0	90.38535249828884	0.0	0.40867709575576094	0.4122729009486344
Green	TLP004916	2.0	1.0	86.19301848049281	1.0	0.4085539217029436	0.3990516711250822
Green	TLP004920	0.0	0.0	81.11156741957564	1.0	0.48297405963002593	0.4662923391439097
Green	TLP004923	2.0	1.0	88.5284052019165	0.0	0.409436854624508	0.3826987546572171
Green	TLP004926	3.0	1.0	93.6776180698152	0.0	0.3898419295830872	0.44598630301224307
Green	TLP004927	0.0	0.0	84.75017111567419	0.0	0.4245090838871578	0.38561352989211045
Green	TLP004928	2.0	1.0	95.83572895277209	1.0	0.4228426573508147	0.43772985704640216
Green	TLP004929	0.0	0.0	76.90075290896647	0.0	0.33327760405959833	0.3557661781263648
Green	TLP004933	3.0	1.0	91.90143737166323	1.0	0.4073141250058655	0.4059102272133284
Green	TLP004934	0.0	0.0	97.88090349075976	1.0	0.313739078980105	0.36897967791059977
Green	TLP004935	2.0	0.0	88.19712525667352	0.0	0.4717892460482931	0.4584106570561035
Green	TLP004936	0.0	0.0	77.31964407939768	1.0	0.5001189868680171	0.48639472432752845
Green	TLP004937	0.0	0.0	83.18685831622176	1.0	0.34908529945662625	0.418494965929741
Green	TLP004938	0.0	0.0	91.0965092402464	1.0	0.34533144233508384	0.40286282268803486
Green	TLP004940	0.0	0.0	86.3189596167009	0.0	0.41238998909864133	0.39106415885490803
Green	TLP004941	2.0	1.0	95.11841204654348	1.0	0.514701722494627	0.48312452482200874
Green	TLP004942	0.0	1.0	89.63175906913074	1.0	0.46221708268615563	0.46034296334242925
Green	TLP004943	0.0	0.0	91.91786447638604	0.0	0.43418903903600964	0.4378290976843058
Green	TLP004944	0.0	0.0	77.17727583846678	1.0	0.5305090113035149	0.48430765260664166
Green	TLP004946	0.0	1.0	95.53730321697468	0.0	0.5236077367191011	0.46155384799469057
Green	TLP004947	0.0	0.0	81.91101984941821	0.0	0.4344140708835209	0.41561402641729606
Green	TLP004948	3.0	0.0	93.3148528405202	0.0	0.43004946235997726	0.40141134610376317
Green	TLP004949	1.0	1.0	93.88569472963724	0.0	0.4198598660820255	0.4219323620108525
Green	TLP004950	3.0	0.0	93.0848733744011	0.0	0.47837323575231	0.43058169494779597
Green	TLP004956	3.0	1.0	95.80355920602328	0.0	0.5026707989950471	0.47308947216511676
Green	TLP004963	2.0	0.0	81.32785763175907	0.0	0.4646374106059381	0.44084629903902406
Green	TLP004972	3.0	0.0	88.53935660506502	0.0	0.48565772046539024	0.44750363662011644
Green	TLP004977	0.0	0.0	90.45106091718004	1.0	0.4383027684764425	0.44614796658501754
Green	TLP004984	0.0	0.0	84.21629021218344	1.0	0.43106140060951176	0.43626975998666095
Green	TLP004995	3.0	1.0	81.46748802190281	0.0	0.36852277734235095	0.3776028182373847
Green	TLP004996	2.0	1.0	82.3709787816564	1.0	0.3313344027322213	0.36862015311459484
Green	TLP004998	3.0	0.0	90.45379876796714	0.0	0.41313100956039156	0.38111881509754175
Green	TLP005001	0.0	0.0	90.33607118412048	0.0	0.4402975378898655	0.4269571788835559
Green	TLP005002	1.0	0.0	91.31553730321696	0.0	0.3955655885455541	0.40330345926365224
Green	TLP005005	3.0	1.0	98.69130732375086	0.0	0.5052486853364933	0.4708836568239868
Green	TLP005006	2.0	0.0	90.54346338124572	0.0	0.4368906078148773	0.41759642982486456
Green	TLP005009	3.0	1.0	95.63107460643394	0.0	0.5035429069718002	0.4597465759434697
Green	TLP005010	3.0	0.0	86.19028062970568	0.0	0.37579698058728606	0.3860438658531114
Green	TLP005013	3.0	0.0	90.1409993155373	0.0	0.48358229359353944	0.48540197784509387
Green	TLP005014	2.0	1.0	94.45859000684464	0.0	0.42812390065573913	0.4200728802052041
Green	TLP005020	3.0	0.0	90.10540725530458	0.0	0.41826875486070714	0.42094458413924224
Green	TLP005021	3.0	1.0	94.34360027378509	1.0	0.38788334107219996	0.3864000716472883
Green	TLP005022	1.0	0.0	93.22039698836414	0.0	0.39737583766917617	0.38898305485986145
Green	TLP005023	0.0	1.0	90.89185489390827	0.0	0.47133257596447664	0.4465999819203617
Green	TLP005025	2.0	0.0	89.22108145106091	0.0	0.533486539176165	0.4851268430544802
Green	TLP005029	2.0	0.0	95.0848733744011	0.0	0.46068210134160525	0.43305729366247814
Green	TLP005033	0.0	0.0	86.54893908281998	0.0	0.41457355316730404	0.4455143479426217
Green	TLP005035	2.0	1.0	81.64271047227926	1.0	0.4272882869357332	0.3955462361361621
Green	TLP005036	3.0	1.0	98.02874743326488	0.0	0.5871890193062211	0.5176301607313962
Green	TLP005038	1.0	1.0	80.31485284052019	1.0	0.38646404519053007	0.38088283475190343
Green	TLP005040	0.0	0.0	71.66050650239562	1.0	0.34062732120071343	0.3825042199904217
Green	TLP005043	2.0	0.0	102.652977412731	0.0	0.4401443552793433	0.44833528111385423
Green	TLP005046	3.0	1.0	80.73648186173854	0.0	0.4695889540786319	0.4589291545247708
Green	TLP005047	0.0	0.0	81.21560574948666	0.0	0.4159570143399485	0.40954161683497525
Green	TLP005048	3.0	1.0	83.17864476386038	0.0	0.4045066277012736	0.42773292103599814
Green	TLP005057	0.0	0.0	90.68856947296372	1.0	0.4825014123551175	0.42395074090914686
Green	TLP005060	0.0	1.0	70.26967830253251	1.0	0.45531369738571453	0.4386322843140833
Green	TLP005063	2.0	1.0	91.16427104722791	0.0	0.4015497765715801	0.4193650166953634
Green	TLP005064	0.0	0.0	83.39767282683094	1.0	0.4420445390058051	0.4689794102321205
Green	TLP005065	2.0	0.0	79.17864476386038	0.0	0.5410769960428523	0.4629682447612541
Green	TLP005067	3.0	1.0	89.44010951403149	1.0	0.40002268898560395	0.40997987795058866
Green	TLP005068	0.0	1.0	87.33196440793976	1.0	0.3813288840983387	0.3930332889504146
Green	TLP005069	3.0	1.0	77.94934976043805	0.0	0.45152084074225696	0.4009362863371422
Green	TLP005072	2.0	1.0	89.53867214236824	0.0	0.4071826013919434	0.4009709280547495
Green	TLP005074	0.0	0.0	86.97878165639973	0.0	0.3337811386550549	0.3543858046679569
Green	TLP005075	0.0	1.0	95.4312114989733	0.0	0.3568671566919619	0.3850943799523376
Green	TLP005084	0.0	0.0	78.7296372347707	0.0	0.609071214583843	0.5356480001907346
Green	TLP005087	0.0	1.0	75.0362765229295	0.0	0.29159531373071457	0.3584788665757225
Green	TLP005089	0.0	0.0	77.79603011635866	0.0	0.475086594811847	0.4399568332882994
Green	TLP005092	2.0	0.0	84.88158795345653	1.0	0.3883588115414389	0.38903238858226485
Green	TLP005096	0.0	0.0	93.54962354551677	0.0	0.45684154893818474	0.45223187432107564
Green	TLP005097	2.0	0.0	82.69130732375086	0.0	0.4024828478931315	0.4200862742422341
Green	TLP005099	1.0	0.0	84.47638603696099	0.0	0.45803277458931996	0.4304912338699015
Green	TLP005100	2.0	1.0	84.34770704996578	0.0	0.36908955185735703	0.34638531967095687
Green	TLP005102	0.0	0.0	91.70499657768652	0.0	0.36596772743169426	0.4052105522489134
Green	TLP005110	2.0	0.0	83.29089664613278	0.0	0.5089723954103431	0.47744545968494306
Green	TLP005111	3.0	0.0	87.9917864476386	0.0	0.38747172698749954	0.39873629159892776
Green	TLP005112	3.0	1.0	95.99931553730322	0.0	0.36675646443829474	0.40619504293373493
Green	TLP005114	1.0	0.0	85.37987679671457	0.0	0.48878200863483373	0.47044024142344887
Green	TLP005115	0.0	0.0	80.88980150581793	1.0	0.44508536064204535	0.4455326071995356
Green	TLP005118	2.0	0.0	88.49281314168378	1.0	0.4381809311669251	0.3948414262714336
Green	TLP005120	1.0	0.0	87.41683778234086	0.0	0.5210109834909518	0.4812187724531236
Green	TLP005121	2.0	0.0	86.23134839151267	1.0	0.48701630285985414	0.48059230544615755
Green	TLP005124	3.0	1.0	90.90006844626969	0.0	0.4573945543756237	0.42641400808410085
Green	TLP005135	2.0	0.0	85.97946611909651	1.0	0.43938087958846866	0.4026789945503437
Green	TLP005138	2.0	1.0	89.18001368925394	0.0	0.4769238243192989	0.4528128946631599
Green	TLP005142	0.0	0.0	67.37029431895962	1.0	0.635993784852894	0.5750452624643348
Green	TLP005143	2.0	0.0	84.30663928815879	0.0	0.46084338170629113	0.4283826657425146
Green	TLP005145	3.0	1.0	90.19233401779604	0.0	0.41943955438011754	0.41437370042921934
Green	TLP005146	3.0	1.0	88.94455852156058	1.0	0.48026267654134686	0.46374627743135277
Green	TLP005147	3.0	0.0	93.52772073921972	1.0	0.4736324843613575	0.46427604475996603
Green	TLP005149	0.0	1.0	83.72895277207392	0.0	0.48356468445086415	0.4261266835434056
Green	TLP005150	0.0	0.0	86.20396988364134	0.0	0.4552797523124832	0.42533857769392097
Green	TLP005151	2.0	0.0	86.64750171115674	0.0	0.4227729754616111	0.4435794309077524
Green	TLP005153	2.0	0.0	89.95756331279945	0.0	0.43224520989851617	0.4178917232467971
Green	TLP005154	3.0	1.0	94.58726899383984	0.0	0.4217899688773631	0.42264001831423315
Green	TLP005157	2.0	1.0	93.71115674195757	0.0	0.40032742244479136	0.39996303298760655
Green	TLP005159	0.0	0.0	77.31964407939768	1.0	0.4997452953193081	0.4525291503142326
Green	TLP005160	2.0	0.0	92.8069815195072	0.0	0.448034584768074	0.44970860943049473
Green	TLP005819	0.0	0.0	75.8466803559206	0.0	0.4444787459571093	0.4197661155014708
Green	TLP005825	3.0	1.0	91.2012320328542	0.0	0.3755205672888541	0.4009846566381669
Green	TLP005828	1.0	0.0	88.29021218343598	0.0	0.47780521989026703	0.418818305790073
Green	TLP005839	0.0	0.0	89.44832306639289	0.0	0.44642730074292813	0.42813311345025645
Green	TLP005854	3.0	1.0	90.03696098562628	1.0	0.35144165345275397	0.36290570719546156
Green	TLP005879	2.0	1.0	87.94798083504449	0.0	0.4330419068120975	0.4220670509664639
Green	TLP005891	0.0	1.0	87.50992470910336	0.0	0.45004569614027085	0.45276310495536093
Green	TLP005898	2.0	1.0	95.70773442847366	0.0	0.47637158164272064	0.42416065752174803
Green	TLP005904	2.0	1.0	91.80492813141684	0.0	0.3904409443282631	0.4185688627336228
Green	TLP005918	0.0	0.0	81.8590006844627	0.0	0.4359365207890716	0.45535516556405925
Green	TLP005919	3.0	1.0	90.95208761122518	0.0	0.4273605777111278	0.41735502381018885
Green	TLP005943	2.0	0.0	96.02737850787132	1.0	0.33514406703977945	0.3605046122080034
Green	TLP005946	0.0	0.0	95.62765229295005	1.0	0.5068564480160705	0.4675814211120317
Mathys	TLP000562	3.0	1.0	86.93223819301846	1.0	0.4768893153401595	
Mathys	TLP000571	0.0	0.0	92.56741957563312	0.0	0.40332161752731144	0.36625170469262525
Mathys	TLP004124	3.0	1.0	83.49623545516769	1.0	0.5350188259485691	0.47169173054269553
Mathys	TLP004205	0.0	0.0	88.39972621492129	1.0	0.34857336315200715	0.35949086155443327
Mathys	TLP004208	2.0	0.0	86.26967830253251	1.0	0.46374290533248225	0.42927491602270856
Mathys	TLP004219	2.0	0.0	85.82614647501711	1.0	0.519621961142339	0.48431301860112747
Mathys	TLP004220	3.0	1.0	95.18412046543465	0.0	0.42351043959445034	0.4265251530677905
Mathys	TLP004221	0.5	1.0	95.9719370294319	0.0	0.4917268814537812	0.4658976668881813
Mathys	TLP004222	2.0	0.0	81.93839835728953	1.0	0.3978859550059827	0.4249641102465726
Mathys	TLP004225	0.0	0.0	91.55373032169749	0.0	0.3795233083768137	0.3597351791083787
Mathys	TLP004226	1.0	0.0	89.10335386721424	0.0	0.5135188444208502	0.4567915006538751
Mathys	TLP004231	1.0	0.0	94.42573579739904	0.0	0.3827001606652849	0.3879207679715931
Mathys	TLP004232	3.0	0.0	86.89664613278576	1.0	0.3400779163022185	0.36024921198698123
Mathys	TLP004233	0.0	1.0	86.13004791238876	1.0	0.42716943400817087	0.34731539145654455
Mathys	TLP004238	2.0	0.0	92.96098562628336	1.0	0.47161729494655286	0.468588667226467
Mathys	TLP004244	3.0	1.0	87.86036960985626	0.0	0.1919707901948373	0.27519565844967026
Mathys	TLP004246	1.0	0.0	91.21902806297057	0.0	0.5041935670832964	0.47602409890776487
Mathys	TLP004247	3.0	1.0	87.23887748117727	1.0	0.40036540462739917	0.4141382134313579
Mathys	TLP004250	2.0	0.0	88.70636550308008	1.0	0.42074080042805373	0.44966589603446544
Mathys	TLP004251	2.0	0.0	91.85215605749488	0.0	0.35074469542099007	0.39112371407225355
Mathys	TLP004257	0.0	0.0	96.71457905544148	1.0	0.19917770369935917	0.4898327501649521
Mathys	TLP004263	2.0	0.0	80.53388090349075	1.0	0.37124224441900316	0.3340038720451216
Mathys	TLP004266	2.0	0.0	94.66392881587952	1.0	0.3170102687893106	0.3655574148312194
Mathys	TLP004268	0.0	0.0	78.2340862422998	1.0	0.21616964751110196	0.4336817785690271
Mathys	TLP004271	0.0	0.0	83.87132101300479	1.0	0.290850096808499	0.4197943363592022
Mathys	TLP004275	3.0	0.0	81.18001368925394	0.0	0.4973407214676224	0.49145625864598763
Mathys	TLP004278	1.0	1.0	91.36481861738535	1.0	0.3443910289945539	0.3765397053545713
Mathys	TLP004279	3.0	0.0	81.57973990417523	1.0	0.4315933542662667	0.341814263185497
Mathys	TLP004280	2.0	1.0	108.2819986310746	1.0	0.5815614758627453	
Mathys	TLP004281	2.0	0.0	79.63039014373716	0.0	0.3866748575627067	0.4181691292973777
Mathys	TLP004282	1.0	0.0	84.25735797399042	1.0	0.3835752820849303	0.37308252074481796
Mathys	TLP004283	0.0	0.0	91.77344284736482	1.0	0.41575780803492707	0.4046522735772061
Mathys	TLP004284	3.0	1.0	84.90622861054072	1.0	0.4285766863017171	0.42160861769343627
Mathys	TLP004289	2.0	0.0	93.32854209445586	0.0	0.4520808053788846	0.4178248518168304
Mathys	TLP004296	0.0	0.0	80.94455852156058	1.0	0.4071074737579907	0.4676762042170035
Mathys	TLP004297	1.0	0.0	86.17932922655716	1.0	0.4977573886514516	0.45691781028645057
Mathys	TLP004299	3.0	1.0	95.27104722792608	1.0	0.5936483424852076	0.5259338266913056
Mathys	TLP004300	2.0	0.0	85.81793292265571	1.0	0.3934063329778513	0.4078935795639842
Mathys	TLP004301	3.0	1.0	82.71321013004791	1.0	0.45950731574776316	0.44362423827812436
Mathys	TLP004307	3.0	1.0	89.30869267624914	0.0	0.42937496510480944	0.44143585529653157
Mathys	TLP004309	3.0	1.0	93.2375085557837	0.0	0.4594963242806355	
Mathys	TLP004310	3.0	1.0	88.18343600273785	0.0	0.4094096647094313	0.3842223552516245
Mathys	TLP004311	2.0	1.0	91.94524298425736	0.0	0.4316576201484424	0.44815830375672294
Mathys	TLP004313	0.0	0.0	85.4318959616701	1.0	0.33091297064949543	0.3821463842416357
Mathys	TLP004316	0.0	0.0	75.99452429842573	0.0	0.5094548810939992	0.48566366570991626
Mathys	TLP004319	2.0	0.0	88.01095140314851	1.0	0.42584195347164217	0.4321757122916817
Mathys	TLP004322	0.0	1.0	98.22039698836412	1.0	0.42570914438877233	0.4281766168762323
Mathys	TLP004325	1.0	0.0	84.55852156057495	0.0	0.6210540961958231	0.6079583406082418
Mathys	TLP004326	2.0	0.0	92.11567419575634	0.0	0.41430739314870285	0.39792602631108154
Mathys	TLP004328	1.0	0.0	93.64271047227926	0.0	0.5284954475093806	0.5001022795531822
Mathys	TLP004332	0.0	1.0	87.86310746064339	1.0	0.36891398242801554	0.35567857119338375
Mathys	TLP004333	0.0	0.0	74.05065023956195	0.0	0.4692858085179951	0.4168107779828141
Mathys	TLP004338	2.0	0.0	92.2991101984942	1.0	0.40769977567676324	0.42507519861684695
Mathys	TLP004344	0.0	0.0	91.93360711841206	0.0	0.4984501571925497	0.4403577494342349
Mathys	TLP004356	0.0	0.0	85.7905544147844	0.0	0.42418981681712786	0.40100769264983976
Mathys	TLP004426	3.0	0.0	83.43052703627653	0.0	0.3098934714083531	0.3599438045933094
Mathys	TLP004432	2.0	0.0	93.28405201916496	0.0	0.398902772478489	0.415754626433725
Mathys	TLP004435	2.0	0.0	74.98425735797399	1.0	0.4051617833233855	0.38325900039519745
Mathys	TLP004441	3.0	1.0	91.64681724845995	0.0	0.500448328265954	0.5006802578747442
Mathys	TLP004442	0.0	1.0	89.11978097193703	1.0	0.40932354653232417	0.44691562472978935
Mathys	TLP004444	2.0	0.0	85.69472963723477	1.0	0.4627529600807877	0.4273181520903072
Mathys	TLP004456	2.0	0.0	87.15674195756331	1.0	0.526915109396575	0.5339717584289769
Mathys	TLP004457	3.0	1.0	83.85763175906914	0.0	0.5437487654797659	0.5052935319239182
Mathys	TLP004458	1.0	1.0	80.87337440109513	1.0	0.3820541823344138	0.3670890464786506
Mathys	TLP004459	2.0	0.0	79.68240930869267	0.0	0.2853402044779837	0.33820508636079183
Mathys	TLP004462	0.0	0.0	81.49760438056126	0.0	0.3903725213944842	0.4018413559859203
Mathys	TLP004463	3.0	0.0	82.03422313483915	0.0	0.44495069398659987	0.4116340427729283
Mathys	TLP004464	1.0	0.0	84.75564681724846	0.0	0.4385738478817052	0.4652289423085787
Mathys	TLP004469	3.0	1.0	91.25735797399042	0.0	0.5198586917242729	0.47497077447107894
Mathys	TLP004470	3.0	1.0	93.17180013689254	1.0	0.37081542176852644	0.4486805039612608
Mathys	TLP004471	3.0	1.0	87.66872005475702	0.0	0.49210468612663866	0.4309362483005611
Mathys	TLP004475	0.0	0.0	86.3025325119781	1.0	0.3884285393926764	0.41759927555342846
Mathys	TLP004481	0.0	0.0	86.60369609856262	0.0	0.19398856012982005	0.44213283043579676
Mathys	TLP004483	0.0	0.0	88.40793976728268	1.0	0.2990145629150518	
Mathys	TLP004486	0.0	0.0	86.59822039698835	0.0	0.4205906405029669	0.414576502274131
Mathys	TLP004488	2.0	0.0	83.25256673511294	1.0	0.6848349619756742	
Mathys	TLP004490	0.0	0.0	80.77207392197126	1.0	0.7313428800785335	0.5522284684486474
Mathys	TLP004493	0.0	0.0	85.91101984941821	1.0	0.5092134364875442	0.5229411549359264
Mathys	TLP004496	1.0	0.0	78.14647501711157	0.0	0.5374618793920605	0.4897134605398987
Mathys	TLP004499	3.0	1.0	83.2662559890486	0.0	0.45337587540287055	0.46542424650378833
Mathys	TLP004500	0.0	0.0	82.97878165639973	1.0	0.5696340891577443	0.5012066758362167
Mathys	TLP004501	3.0	0.0	77.78507871321011	1.0	0.5372495716939867	0.4817690362715571
Mathys	TLP004502	2.0	0.0	77.7330595482546	1.0	0.4944507947982787	0.43247390542212416
Mathys	TLP004506	3.0	1.0	86.19301848049281	1.0		0.27194893643837986
Mathys	TLP004508	1.0	1.0	73.7905544147844	1.0	0.3667014044336301	0.32730299266260343
Mathys	TLP004510	0.0	0.0	93.09787816563995	1.0	0.49406944275836406	0.44961792294228786
Mathys	TLP004512	1.0	1.0	91.11362080766598	1.0	0.5280673103599111	0.4430537207235507
Mathys	TLP004514	3.0	1.0	91.18754277891856	1.0	0.5085442876255238	0.44966117235929337
Mathys	TLP004517	2.0	0.0	84.82409308692675	1.0	0.46515210313832966	0.4376726747091683
Mathys	TLP004520	0.0	0.0	92.90965092402465	0.0	0.41184029628509056	0.41864610739003205
Mathys	TLP004521	3.0	1.0	86.9678302532512	0.0	0.1919707901948373	0.2710003558593451
Mathys	TLP004524	2.0	1.0	87.9917864476386	1.0	0.4251198627454845	0.39492511009556297
Mathys	TLP004525	1.0	0.0	80.85420944558521	0.0	0.4517395868126463	0.4116826438732264
Mathys	TLP004529	0.0	0.0	84.30390143737166	1.0	0.44274495386465657	0.4691664062978632
Mathys	TLP004533	2.0	1.0	97.60164271047228	1.0	0.43736703394806803	0.4209140126870865
Mathys	TLP004534	3.0	1.0	89.7138945927447	1.0	0.4906107971889858	
Mathys	TLP004535	2.0	1.0	87.84941820670774	1.0	0.3490463397051502	0.3549799157086543
Mathys	TLP004536	3.0	1.0	87.32648870636551	0.0	0.4262222434915525	0.44955981153262825
Mathys	TLP004538	0.0	0.0	87.65503080082135	0.0	0.47244358607392833	
Mathys	TLP004543	3.0	1.0	98.84462696783024	0.0	0.5674395517053666	0.46333884803312736
Mathys	TLP004544	3.0	1.0	90.42299794661191	0.0	0.44800713163138284	0.4159819611750625
Mathys	TLP004547	3.0	0.0	92.94113620807666	1.0	0.7600045859222457	0.590524289126817
Mathys	TLP004548	0.0	0.0	80.09856262833675	1.0	0.37034563513323226	0.39903598312926924
Mathys	TLP004550	0.0	0.0	76.8186173853525	1.0	0.5303900474242802	0.48869703572313883
Mathys	TLP004551	2.0	0.0	93.63175906913074	0.0	0.426601438593911	0.38732756602276136
Mathys	TLP004553	0.0	0.0	86.83641341546885	0.0	0.4692867225154999	0.4813314613594785
Mathys	TLP004556	2.0	0.0	93.13415468856948	0.0	0.4908619234756003	0.43561016121190665
Mathys	TLP004557	1.0	1.0	91.16769336071184	1.0	0.45059404805418823	0.4602816501167766
Mathys	TLP004559	2.0	1.0	79.30732375085557	1.0	0.4360382466787054	0.38562891387200926
Mathys	TLP004560	2.0	0.0	85.8507871321013	1.0	0.5106149861769835	0.40792153385123314
Mathys	TLP004563	0.0	0.0	88.50650239561944	0.0	0.4726823705429334	0.4204404227551331
Mathys	TLP004564	2.0	1.0	87.83572895277207	0.0	0.5742318967003776	0.528913422275975
Mathys	TLP004565	3.0	1.0	92.32580424366871	1.0	0.48211723600720174	0.47296820710100895
Mathys	TLP004566	3.0	0.0	86.67488021902807	0.0	0.3745428861413548	0.3965722503849134
Mathys	TLP004568	2.0	0.0	83.72895277207392	1.0	0.448798135119494	0.3948396673698415
Mathys	TLP004570	0.0	0.0	76.38603696098562	1.0	0.500201415470396	0.4659734152850317
Mathys	TLP004571	0.0	0.0	96.0164271047228	0.0	0.4290176460267772	0.4156597230069048
Mathys	TLP004575	3.0	1.0	98.1492128678987	0.0	0.4207657871796561	0.43456337116681254
Mathys	TLP004577	3.0	0.0	92.77754962354553	0.0	0.5061275538714087	0.4651376793630082
Mathys	TLP004579	2.0	0.0	89.86173853524983	1.0	0.5628442871475817	0.5056774859147051
Mathys	TLP004581	1.0	0.0	76.28473648186174	0.0	0.5298341340414272	0.4963550447810325
Mathys	TLP004582	3.0	0.0	97.3141683778234	0.0	0.394808695335703	0.3955212497098921
Mathys	TLP004584	3.0	1.0	91.15605749486652	0.0	0.5184173714743001	0.4625570671126212
Mathys	TLP004586	1.0	0.0	79.37577002053388	1.0	0.41566192064744834	0.42851008878526586
Mathys	TLP004594	1.0	0.0	88.39151266255989	0.0	0.3515146257594093	0.3672466393970402
Mathys	TLP004595	3.0	1.0	89.04585900068446	1.0	0.44225573167285326	0.38699584828372596
Mathys	TLP004599	0.0	0.0	92.06570841889118	1.0	0.5191662887290474	0.4876722086171288
Mathys	TLP004602	3.0	0.0	77.68377823408625	1.0	0.4026175314408489	0.40138339244407034
Mathys	TLP004605	2.0	0.0	86.2943189596167	0.0	0.4089331327546035	0.4111992856098804
Mathys	TLP004606	1.0	0.0	91.37577002053388	0.0	0.5278333504212311	0.4919060665055012
Mathys	TLP004608	3.0	1.0	83.13210130047912	1.0	0.43213991653820116	0.4536683111607113
Mathys	TLP004613	3.0	1.0	83.38398357289526	0.0	0.5393575583578857	
Mathys	TLP004616	0.0	0.0	91.79739904175224	1.0	0.48317342798860674	0.43465712068320606
Mathys	TLP004619	0.0	0.0	89.73032169746749	0.0	0.4153821515965682	0.4276725211557911
Mathys	TLP004622	2.0	0.0	84.80492813141684	1.0	0.35118451856920674	0.373278119227078
Mathys	TLP004623	2.0	1.0	106.4996577686516	0.0	0.41839972224885713	0.4284625252661132
Mathys	TLP004624	0.0	0.0	90.26899383983572	1.0	0.40611660724015025	0.3916058290373353
Mathys	TLP004626	3.0	1.0	88.03285420944559	0.0	0.4615857530505133	0.4464401175487047
Mathys	TLP004627	1.0	0.0	91.04996577686516	0.0	0.22279597542063517	0.3018074687479615
Mathys	TLP004629	3.0	1.0	94.3189596167009	0.0	0.41707615676886894	0.39147897185503866
Mathys	TLP004631	0.0	0.0	72.14784394250513	1.0	0.37724056856474797	0.3516803127584289
Mathys	TLP004632	2.0	1.0	92.9876796714579	1.0	0.6069517864110726	0.4989075704115181
Mathys	TLP004634	3.0	0.0	96.0164271047228	1.0	0.4769799152226046	0.4660136797086078
Mathys	TLP004635	1.0	0.0	78.32443531827515	1.0	0.5547963315131696	0.4404189692803576
Mathys	TLP004637	0.0	0.0	81.30047912388775	1.0	0.27430206955083675	0.34448941295804686
Mathys	TLP004638	2.0	1.0	77.79876796714579	0.0	0.2783255096958276	0.37115683512833675
Mathys	TLP004639	0.0	0.0	86.29158110882958	1.0	0.4627876195595544	0.45224428099024233
Mathys	TLP004641	0.0	1.0	90.14989733059548	1.0	0.5188759934578252	0.4542370711692708
Mathys	TLP004643	3.0	0.0	89.37166324435319	1.0	0.4315496115985725	0.44162656837132985
Mathys	TLP004645	2.0	1.0	97.77960301163588	1.0	0.34046398989581816	0.3993833059751536
Mathys	TLP004646	0.0	0.0	82.69130732375086	1.0	0.5478802315478055	0.4965755882397581
Mathys	TLP004647	2.0	0.0	86.50513347022587	1.0	0.3651639138692261	0.37332016542348084
Mathys	TLP004653	3.0	0.0	82.96509240246407	1.0	0.38526870126303714	0.40746910031615047
Mathys	TLP004654	2.0	0.0	80.14784394250513	0.0	0.478057464643632	0.47821617378331793
Mathys	TLP004655	2.0	0.0	72.48186173853523	0.0	0.5037738577474765	0.45362798085200196
Mathys	TLP004657	0.0	0.0	91.8795345653662	1.0	0.5532091257979794	0.48676211070482034
Mathys	TLP004658	2.0	0.0	74.45037645448323	1.0	0.38160317743149796	0.40628595544858537
Mathys	TLP004660	3.0	0.0	91.15947980835044	1.0	0.41249740446062366	0.45201681622836004
Mathys	TLP004661	0.0	0.0	92.5968514715948	1.0	0.44329346128838976	0.44919006172628073
Mathys	TLP004666	3.0	0.0	84.20807665982204	1.0	0.4187036089360857	0.41372980069530785
Mathys	TLP004668	0.0	0.0	87.30184804928132	0.0	0.4216991739989042	
Mathys	TLP004669	1.0	1.0	87.38124572210815	0.0	0.47223759265187537	0.4510721557071684
Mathys	TLP004670	0.0	0.0	86.91581108829568	1.0	0.44265886046909714	0.42561001856946995
Mathys	TLP004671	2.0	0.0	85.35797399041752	1.0	0.363137830427671	0.3848074270278171
Mathys	TLP004672	3.0	1.0	74.77344284736482	0.0	0.37794130892085165	0.438215573384822
Mathys	TLP004674	2.0	1.0	96.9637234770705	1.0	0.41113511191212526	0.39909669418614324
Mathys	TLP004676	3.0	1.0	91.79192334017796	0.0	0.46331847554004635	0.4458673422551306
Mathys	TLP004677	0.0	0.0	78.51882272416154	1.0	0.4769445343073292	0.4491586018017356
Mathys	TLP004678	2.0	1.0	92.00889801505818	0.0	0.42879954560985745	0.42550174634518456
Mathys	TLP004681	0.0	0.0	91.43258042436688	0.0	0.532834183764809	
Mathys	TLP004682	2.0	0.0	94.7022587268994	1.0	0.4184389403763795	0.44535286442544364
Mathys	TLP004685	3.0	0.0	87.45242984257358	0.0	0.46792436233955864	0.4217914341234658
Mathys	TLP004686	2.0	0.0	89.3223819301848	1.0	0.44041961950404046	0.4204447860791819
Mathys	TLP004689	3.0	1.0	92.47912388774812	0.0	0.4842776981451559	0.3952090571321628
Mathys	TLP004690	2.0	0.0	89.35249828884326	1.0	0.4323684642355964	0.42934686524937327
Mathys	TLP004693	1.0	0.0	87.75359342915812	1.0	0.5647905308288864	0.5001241651968991
Mathys	TLP004694	2.0	0.0	91.1533196440794	0.0	0.4673757042628106	0.4652415479390509
Mathys	TLP004697	3.0	1.0	84.8459958932238	1.0	0.3858268045139317	0.40090003796638324
Mathys	TLP004698	0.0	0.0	87.95345653661877	1.0	0.4551963761899795	0.408121205451678
Mathys	TLP004703	0.0	0.0	87.57015742642027	1.0	0.4218833753751199	0.43637869572864474
Mathys	TLP004706	3.0	1.0	84.70088980150582	1.0	0.45253975511170885	0.41405909266406776
Mathys	TLP004709	0.0	0.0	85.79603011635865	1.0	0.5115741458913714	0.47520019057054086
Mathys	TLP004710	0.0	1.0	76.27104722792608	1.0	0.38943777108076505	0.4186760546827791
Mathys	TLP004713	0.0	0.0	86.70225872689937	1.0	0.39853475975124	0.3978262939097725
Mathys	TLP004714	2.0	0.0	88.5201916495551	0.0	0.4329036288298686	0.4257033536788144
Mathys	TLP004716	2.0	1.0	89.37440109514031	0.0	0.44623882954871874	0.41016179786163076
Mathys	TLP004717	3.0	0.0	86.03696098562628	0.0	0.4708030701795665	0.456009340490627
Mathys	TLP004718	0.0	0.0	77.31416837782339	0.0	0.4038503760865351	0.46138448963716583
Mathys	TLP004729	3.0	1.0	87.22245037645449	0.0	0.46699675480025526	0.44029126040499483
Mathys	TLP004734	2.0	1.0	85.89733059548254	1.0	0.41830652985212635	0.39092475480266486
Mathys	TLP004738	2.0	0.0	92.61054072553046	0.0	0.34411031354022925	0.39625516129808713
Mathys	TLP004742	3.0	0.0	95.57563312799452	0.0	0.46539965004359607	0.4372432788287045
Mathys	TLP004744	2.0	1.0	84.32032854209446	1.0	0.2040099784695994	0.4620643985199477
Mathys	TLP004748	2.0	1.0	87.68788501026694	1.0	0.43137542172616017	0.4309142665561402
Mathys	TLP004751	3.0	0.0	86.87200547570157	0.0	0.3705088254174931	0.34014660984186906
Mathys	TLP004754	3.0	0.0	87.37029431895962	0.0	0.4382541397487261	0.3978508877937574
Mathys	TLP004755	3.0	1.0	93.2621492128679	0.0	0.4870995667958176	0.45239599019568666
Mathys	TLP004756	3.0	0.0	90.12183436002738	0.0	0.46968934752742253	0.45331340761604577
Mathys	TLP004759	0.0	0.0	83.30458590006845	1.0	0.47761682183323906	0.4615153471714608
Mathys	TLP004760	3.0	1.0	91.86858316221766	0.0	0.5179870693258405	0.49366941245077556
Mathys	TLP004763	1.0	0.0	95.233401779603	1.0	0.34226344816672244	0.3505655791456419
Mathys	TLP004766	3.0	1.0	87.129363449692	1.0	0.41250043196746256	0.42034336825713287
Mathys	TLP004767	2.0	1.0	82.8227241615332	0.0	0.3082771317593686	0.42335948868420864
Mathys	TLP004769	3.0	1.0	90.66187542778916	1.0	0.4581745108061093	0.4496616967187451
Mathys	TLP004771	3.0	0.0	86.08624229979466	0.0	0.4690622896978572	0.35458164648385215
Mathys	TLP004773	3.0	1.0	72.39972621492129	0.0	0.4879875419683771	0.46260758615261743
Mathys	TLP004777	2.0	0.0	88.79123887748118	0.0	0.43592842135558196	0.40887614736624844
Mathys	TLP004782	2.0	1.0	88.46817248459959	1.0	0.45783174996535214	0.46956206570733106
Mathys	TLP004784	0.0	0.0	89.08692676249144	1.0	0.40891768730018807	0.4382059634287062
Mathys	TLP004785	0.0	0.0	85.78507871321013	0.0	0.5373476768109865	0.4797063140249628
Mathys	TLP004786	3.0	0.0	90.71321013004793	0.0	0.4251184552010154	0.45102938687226524
Mathys	TLP004788	2.0	0.0	88.08761122518823	0.0	0.6380649887817016	0.5787866625857809
Mathys	TLP004789	2.0	0.0	74.9596167008898	1.0	0.5974168749894926	0.5188012889923049
Mathys	TLP004793	0.0	0.0	83.74537987679672	0.0	0.5383293757743866	0.44340271993779357
Mathys	TLP004796	0.0	1.0	84.44079397672827	0.0	0.5495720905386945	0.4987081122822811
Mathys	TLP004801	0.0	1.0	90.51334702258728	1.0	0.5133482007553525	0.45017248270448407
Mathys	TLP004802	3.0	1.0	93.04380561259411	0.0	0.5451243600165563	0.50496360009856
Mathys	TLP004805	3.0	0.0	90.43942505133472	1.0	0.37903559648905183	0.40278337132796677
Mathys	TLP004806	2.0	1.0	89.11704312114989	0.0	0.521291943572318	0.4463443738474385
Mathys	TLP004811	0.0	0.0	87.46611909650925	1.0		0.27010593179454756
Mathys	TLP004813	0.0	1.0	104.26009582477757	0.0	0.41455385327883876	0.40781641061427965
Mathys	TLP004814	2.0	1.0	91.65229295003422	1.0	0.4106982918006765	0.45067493613461546
Mathys	TLP004816	0.0	1.0	92.85147159479808	0.0	0.5011886883620418	0.4492527764317568
Mathys	TLP004818	0.0	0.0	92.16084873374402	0.0	0.41209644935276557	0.41772247767907655
Mathys	TLP004821	3.0	0.0	85.18001368925394	1.0	0.4852562503929564	0.457427918435518
Mathys	TLP004825	2.0	0.0	85.3223819301848	1.0	0.45235955666852823	0.39876656397888127
Mathys	TLP004828	2.0	1.0	100.7501711156742	0.0	0.5865979938522359	0.5185041957149272
Mathys	TLP004830	2.0	1.0	90.564681724846	1.0	0.4767974502736694	0.45300246145745426
Mathys	TLP004832	0.0	1.0	89.72758384668036	0.0	0.45111019928982926	0.41824680731699687
Mathys	TLP004835	1.0	0.0	87.27994524298425	1.0	0.43094693268375284	0.37668979354671184
Mathys	TLP004837	0.0	0.0	79.53456536618754	1.0	0.4312729081651946	0.38220923117283495
Mathys	TLP004841	0.0	1.0	93.25325119780972	1.0	0.45059581014707684	0.42933543292127063
Mathys	TLP004843	0.0	1.0	93.74880219028064	0.0	0.4769732193948848	0.4050469465221243
Mathys	TLP004844	2.0	0.0	89.66735112936345	0.0	0.35743029659191095	0.3813614333469235
Mathys	TLP004845	1.0	0.0	92.62422997946612	0.0	0.3530264142512683	0.3623733060798664
Mathys	TLP004849	3.0	1.0	87.41957563312799	1.0	0.46294942393511307	0.4228408772509109
Mathys	TLP004850	3.0	1.0	91.11841204654348	0.0	0.3298651033261368	0.39318077402369694
Mathys	TLP004851	0.0	0.0	87.11567419575633	0.0	0.3808875401720029	0.386155410935242
Mathys	TLP004853	2.0	1.0	84.03011635865845	1.0	0.3645344412808357	0.36178890612335074
Mathys	TLP004856	3.0	1.0	88.96098562628337	1.0	0.4845271656665913	0.4649337759318424
Mathys	TLP004857	3.0	1.0	89.64271047227926	1.0	0.40191025029768307	0.41689088890818526
Mathys	TLP004858	2.0	1.0	85.82888432580424	1.0	0.4639886852799714	0.3938793930827122
Mathys	TLP004860	0.0	0.0	97.28952772073922	0.0	0.4114837639979113	0.3826687385536882
Mathys	TLP004861	2.0	1.0	91.09377138945928	1.0	0.27809907959946	0.4733844031532647
Mathys	TLP004862	2.0	1.0	93.70020533880904	0.0	0.41077670122819215	0.40849944092131996
Mathys	TLP004864	3.0	0.0	90.16016427104722	0.0	0.36833344311341587	0.3788489418851968
Mathys	TLP004865	0.0	0.0	83.97535934291581	0.0	0.5754506397757723	0.5109130308267975
Mathys	TLP004866	2.0	0.0	90.5325119780972	1.0	0.6098397408119927	0.5237625256907024
Mathys	TLP004867	3.0	1.0	83.57563312799452	0.0	0.6175011244619935	0.5701392995514079
Mathys	TLP004868	2.0	1.0	87.9315537303217	0.0	0.49094157611475187	0.45275537571273305
Mathys	TLP004869	3.0	1.0	92.03490759753596	1.0	0.5156001759013028	0.4789891835357369
Mathys	TLP004870	0.0	0.0	83.36755646817248	0.0	0.3393789909732118	0.4071804783518887
Mathys	TLP004872	2.0	0.0	92.5448323066393	1.0	0.41925157745454655	0.3905262586733581
Mathys	TLP004874	2.0	1.0	91.6899383983573	1.0	0.4544273499022708	0.38916710237590213
Mathys	TLP004875	0.0	0.0	86.11088295687885	0.0	0.42830034439252973	0.4002163796265562
Mathys	TLP004876	2.0	1.0	89.65913757700204	0.0	0.5744350690691287	0.5188380577017786
Mathys	TLP004877	3.0	1.0	88.77481177275838	0.0	0.4573393879346815	0.41468841976036563
Mathys	TLP004879	2.0	1.0	80.03285420944559	0.0	0.4122004754878039	0.4159072628601588
Mathys	TLP004882	1.0	0.0	84.1615331964408	0.0	0.4186232460819731	0.40505533512075187
Mathys	TLP004884	3.0	1.0	87.66598220396989	0.0	0.5642659627291294	
Mathys	TLP004885	0.0	1.0	91.49828884325804	1.0	0.45018689547608653	0.42710217603002665
Mathys	TLP004886	0.0	0.0	92.50034223134838	0.0	0.4786980348215511	0.4351398866143663
Mathys	TLP004887	3.0	1.0	93.00479123887747	0.0	0.46747628354374804	0.4944773235487703
Mathys	TLP004889	1.0	0.0	85.01848049281314	1.0	0.46337455270086325	0.42802860511641944
Mathys	TLP004896	0.0	0.0	79.11567419575633	0.0	0.46308802567726265	0.4412000055146207
Mathys	TLP004898	2.0	0.0	84.36413415468857	1.0	0.4117281720006086	0.4005834803606901
Mathys	TLP004899	3.0	0.0	82.4229979466119	0.0	0.3920313472381324	0.4113134226249246
Mathys	TLP004901	3.0	1.0	90.06981519507187	1.0	0.35916926557781426	0.4152440905176881
Mathys	TLP004902	2.0	0.0	98.7378507871321	0.0	0.4448217129302659	0.41073028396442135
Mathys	TLP004905	0.0	1.0	85.35523613963039	1.0	0.3408461855091276	0.34539329516350903
Mathys	TLP004906	2.0	0.0	82.89390828199862	0.0	0.3949815075760868	0.47130892236035493
Mathys	TLP004907	3.0	1.0	91.72142368240932	1.0	0.4958430747543541	0.43635172153868673
Mathys	TLP004908	2.0	1.0	94.2861054072553	0.0	0.3997403877057906	0.4269772440943896
Mathys	TLP004914	2.0	0.0	93.04312114989732	1.0	0.4068154727612803	0.3844108998537363
Mathys	TLP004916	2.0	1.0	86.19301848049281	1.0	0.6111714159104192	0.5372072528686508
Mathys	TLP004920	0.0	0.0	81.11156741957564	1.0	0.4017406299532394	0.4171261029128658
Mathys	TLP004921	0.0	0.0	87.20054757015743	0.0	0.40402234520957414	0.4057418855312793
Mathys	TLP004923	2.0	1.0	88.5284052019165	0.0	0.41022503961426493	0.3844630757187104
Mathys	TLP004928	2.0	1.0	95.83572895277209	1.0	0.3416693309573281	0.4794956600321746
Mathys	TLP004931	0.0	0.0	78.67488021902807	1.0	0.39026997773632544	0.36878479379420515
Mathys	TLP004932	3.0	1.0	93.22313483915126	0.0	0.35318868680368104	0.3748030835241204
Mathys	TLP004933	3.0	1.0	91.90143737166323	1.0	0.4191718047424551	0.38409088123098756
Mathys	TLP004934	0.0	0.0	97.88090349075976	1.0	0.4631683734606137	0.3975201055797201
Mathys	TLP004935	2.0	0.0	88.19712525667352	0.0	0.5122276862897218	0.4776719653463189
Mathys	TLP004937	0.0	0.0	83.18685831622176	1.0	0.5201895645414023	0.48883230265774874
Mathys	TLP004938	0.0	0.0	91.0965092402464	1.0	0.19320907893376915	0.2795605751479977
Mathys	TLP004940	0.0	0.0	86.3189596167009	0.0	0.44836785290219366	0.40308002768016604
Mathys	TLP004941	2.0	1.0	95.11841204654348	1.0	0.36719730172986365	0.2750140173814864
Mathys	TLP004942	0.0	1.0	89.63175906913074	1.0	0.39927699329943506	0.3559040781021656
Mathys	TLP004943	0.0	0.0	91.91786447638604	0.0	0.4911120030480424	0.45559463553493573
Mathys	TLP004945	2.0	0.0	87.40314852840518	0.0	0.4300213498920027	0.399604989723946
Mathys	TLP004946	0.0	1.0	95.53730321697468	0.0	0.4244903895331922	0.39320967108155513
Mathys	TLP004947	0.0	0.0	81.91101984941821	0.0	0.4811342174895231	0.43611491623103016
Mathys	TLP004981	0.0	1.0	82.52977412731006	0.0	0.4965087150556244	0.452681095213044
Mathys	TLP004984	0.0	0.0	84.21629021218344	1.0	0.44313510103021214	0.40450007502818996
Mathys	TLP004986	0.0	0.0	73.83436002737851	1.0	0.3938993914295095	0.3643851508687111
Mathys	TLP004994	0.0	1.0	89.0485968514716	1.0	0.4582012582212118	0.43259117753081067
Mathys	TLP004995	3.0	1.0	81.46748802190281	0.0	0.5797153890487396	
Mathys	TLP004996	2.0	1.0	82.3709787816564	1.0	0.4838349926358091	0.4438142159684603
Mathys	TLP005002	1.0	0.0	91.31553730321696	0.0	0.20453232866936247	0.3670379073756822
Mathys	TLP005005	3.0	1.0	98.69130732375086	0.0	0.37036668157166275	0.3962958031847573
Mathys	TLP005006	2.0	0.0	90.54346338124572	0.0	0.49969440135418014	0.46322336008660825
Mathys	TLP005008	3.0	1.0	75.97809719370292	1.0	0.41822505968442225	0.40856699021195725
Mathys	TLP005013	3.0	0.0	90.1409993155373	0.0	0.5176016915132851	0.4302521131364142
Mathys	TLP005014	2.0	1.0	94.45859000684464	0.0	0.4522884344739135	0.4371475097289616
Mathys	TLP005015	3.0	1.0	93.71321013004793	0.0	0.41267642977717806	0.41634129817934384
Mathys	TLP005017	3.0	1.0	89.21834360027378	0.0	0.4267696246688808	0.4049279116362565
Mathys	TLP005020	3.0	0.0	90.10540725530458	0.0	0.36338713208997253	0.4312248938768866
Mathys	TLP005021	3.0	1.0	94.34360027378509	1.0	0.3170089485164691	0.36032351112015526
Mathys	TLP005025	2.0	0.0	89.22108145106091	0.0	0.47042772966555646	0.43296982104812304
Mathys	TLP005034	3.0	1.0	87.56741957563312	1.0	0.42571762520748824	0.41976173533561345
Mathys	TLP005035	2.0	1.0	81.64271047227926	1.0	0.404710380841271	0.4077415212750606
Mathys	TLP005036	3.0	1.0	98.02874743326488	0.0	0.28972980821446376	0.32832341351199734
Mathys	TLP005038	1.0	1.0	80.31485284052019	1.0	0.4542072269129551	0.40790123242713794
Mathys	TLP005040	0.0	0.0	71.66050650239562	1.0	0.37650480327426533	0.3767160376837414
Mathys	TLP005043	2.0	0.0	102.652977412731	0.0	0.441617635064521	0.43118538603464196
Mathys	TLP005044	0.0	0.0	91.33675564681724	0.0	0.41413438182415996	0.42128356564375663
Mathys	TLP005046	3.0	1.0	80.73648186173854	0.0	0.37750152888610045	0.3925735901367329
Mathys	TLP005047	0.0	0.0	81.21560574948666	0.0	0.43169973328391986	0.3902697689653549
Mathys	TLP005051	2.0	1.0	91.0	0.0	0.41478035890228654	0.4214215335014084
Mathys	TLP005052	0.0	0.0	80.435318275154	0.0	0.5427359139208129	0.45927211705984977
Mathys	TLP005055	2.0	0.0	89.46748802190281	1.0	0.3743037444108807	0.3848784918269236
Mathys	TLP005056	2.0	0.0	87.92881587953457	1.0	0.4769003984073974	0.46135216515711147
Mathys	TLP005057	0.0	0.0	90.68856947296372	1.0	0.46496991258419185	0.43487658481735875
Mathys	TLP005058	2.0	0.0	92.07118412046545	0.0	0.3463407646321641	0.35084521279382364
Mathys	TLP005059	3.0	1.0	82.40383299110198	0.0	0.3772810315210985	0.4078951056601812
Mathys	TLP005060	0.0	1.0	70.26967830253251	1.0	0.5763738439198405	0.5255355643606963
Mathys	TLP005065	2.0	0.0	79.17864476386038	0.0	0.5474345581026043	0.5215715697359875
Mathys	TLP005068	0.0	1.0	87.33196440793976	1.0	0.5114050044753367	0.42629522096620254
Mathys	TLP005073	2.0	0.0	78.44490075290896	0.0	0.28524401704433905	0.383098147367108
Mathys	TLP005076	0.0	0.0	84.92539356605064	1.0	0.4906111711465679	0.48200920120703894
Mathys	TLP005087	0.0	1.0	75.0362765229295	0.0	0.5010501868892465	0.47715409165875955
Mathys	TLP005089	0.0	0.0	77.79603011635866	0.0	0.4585595842716729	0.40404299715965375
Mathys	TLP005090	0.0	0.0	88.92539356605064	0.0	0.4300713165618966	0.4254400697540708
Mathys	TLP005093	2.0	0.0	74.6009582477755	1.0	0.41254823697513093	0.4060133811240998
Mathys	TLP005094	0.0	0.0	82.40930869267626	0.0	0.38777383630698053	0.43944236725438257
Mathys	TLP005095	3.0	1.0	87.85215605749487	0.0	0.5337160204619672	0.46189538407947334
Mathys	TLP005096	0.0	0.0	93.54962354551677	0.0	0.48872060024198966	0.45776246399991755
Mathys	TLP005108	3.0	1.0	89.02669404517454	1.0	0.4000095237721995	
Mathys	TLP005110	2.0	0.0	83.29089664613278	0.0	0.365745659583703	0.4008960290162163
Mathys	TLP005111	3.0	0.0	87.9917864476386	0.0	0.3814416412039725	0.39379242327216873
Mathys	TLP005113	0.0	1.0	76.54757015742642	0.0	0.47427540789615596	0.44006837176686137
Mathys	TLP005118	2.0	0.0	88.49281314168378	1.0	0.1919707901948373	0.2755570690430625
Mathys	TLP005119	2.0	0.0	76.30937713894593	1.0	0.38596546366938467	0.3888935429708483
Mathys	TLP005121	2.0	0.0	86.23134839151267	1.0	0.48032288751533087	0.4771523215921494
Mathys	TLP005123	0.0	0.0	87.86858316221766	1.0	0.4572490216535918	0.41389350374491307
Mathys	TLP005126	2.0	1.0	91.66803559206024	0.0	0.6501369975618821	
Mathys	TLP005129	3.0	1.0	82.02600958247774	1.0	0.36125878483097734	0.36159551373551857
Mathys	TLP005131	0.0	0.0	81.3141683778234	1.0	0.389583899794112	0.4414158175297696
Mathys	TLP005134	0.0	0.0	91.78097193702943	1.0	0.33594128121640593	0.4030143473225257
Mathys	TLP005135	2.0	0.0	85.97946611909651	1.0	0.49777610228563196	0.45192763767976146
Mathys	TLP005136	3.0	0.0	87.44969199178645	0.0	0.46012118568891747	0.4153626566216777
Mathys	TLP005143	2.0	0.0	84.30663928815879	0.0	0.5679801665244076	0.5026006725486665
Mathys	TLP005146	3.0	1.0	88.94455852156058	1.0	0.548331142707889	0.44553704123469473
Mathys	TLP005147	3.0	0.0	93.52772073921972	1.0	0.3111862886368088	0.3794962333484757
Mathys	TLP005149	0.0	1.0	83.72895277207392	0.0	0.43832006144407276	0.38342681630992936
Mathys	TLP005150	0.0	0.0	86.20396988364134	0.0	0.3868393676116318	0.3781495047413058
Mathys	TLP005154	3.0	1.0	94.58726899383984	0.0	0.45427484994700745	0.45434340969377807
Mathys	TLP005157	2.0	1.0	93.71115674195757	0.0	0.4415970040238545	0.4199364095937921
Mathys	TLP005158	3.0	1.0	88.4271047227926	0.0	0.48861494196944855	0.4502568783153259
Mathys	TLP005159	0.0	0.0	77.31964407939768	1.0	0.359232523790876	0.38857189080308685
Mathys	TLP005165	3.0	0.0	92.7946611909651	0.0	0.39132533921617063	0.4484426178364265
Mathys	TLP005168	2.0	0.0	86.97330595482546	1.0	0.4003593809071405	0.3818300433707371
Mathys	TLP005171	3.0	1.0	82.85557837097878	1.0	0.4570351008057715	0.42045462649405846
Mathys	TLP005197	2.0	0.0	77.16358658453115	0.0	0.4373760216090859	0.4058673866592071
Mathys	TLP005212	0.0	0.0	81.61806981519507	1.0	0.47063666143645194	0.4328401486459704
Mathys	TLP005217	2.0	1.0	90.46064339493498	0.0	0.4651748685646091	0.4131404125494132
Mathys	TLP005234	2.0	0.0	84.02464065708419	1.0	0.3276766205224728	0.3485595070086518
Mathys	TLP005237	1.0	1.0	89.2375085557837	1.0	0.5281107195929136	0.4551243201276711
Mathys	TLP005250	3.0	0.0	88.47912388774812	0.0	0.30816195187877615	0.35944086194583136
Mathys	TLP005273	2.0	0.0	78.19028062970568	0.0	0.3882500290641372	0.41898893746605015
Mathys	TLP005281	0.0	0.0	76.88432580424367	1.0	0.47342553350802324	0.4412620901310632
Mathys	TLP005283	3.0	1.0	87.38398357289526	1.0	0.5179814761939534	0.4566370054615815
Mathys	TLP005284	1.0	0.0	84.9883641341547	1.0	0.41442675507235516	0.378663303188228
Mathys	TLP005290	0.0	0.0	90.05544147843942	1.0	0.3978021352047778	0.419617236118629
Mathys	TLP005291	2.0	0.0	87.68514715947981	1.0	0.41400953703105037	0.38373659811487626
Mathys	TLP005292	3.0	1.0	89.04585900068446	1.0	0.4876018751043262	0.4264706777818543
Mathys	TLP005295	0.0	1.0	84.05749486652978	1.0	0.1919707901948373	0.27788504908579
Mathys	TLP005297	0.0	0.0	92.1375770020534	1.0	0.3528929926565455	0.381661436206317
Mathys	TLP005299	0.0	0.0	91.39425051334702	0.0	0.49160277179767686	0.4355334407206578
Mathys	TLP005312	2.0	0.0	88.59958932238193	0.0	0.46748566245803264	0.4643429145615019
Mathys	TLP005313	3.0	1.0	83.63586584531143	0.0	0.3659997966544839	
Mathys	TLP005812	0.0	0.0	72.8268309377139	1.0	0.3728034700264622	0.37426067680373937
Mathys	TLP005814	3.0	1.0	86.58726899383984	1.0	0.4523329719478108	0.40107790993020176
Mathys	TLP005829	0.0	1.0	85.54962354551677	1.0	0.38816750497301733	0.4469683036460777
Mathys	TLP005839	0.0	0.0	89.44832306639289	0.0	0.4884712407555964	0.42371341969259463
Mathys	TLP005854	3.0	1.0	90.03696098562628	1.0	0.436495950113064	0.41109938735993634
Mathys	TLP005858	1.0	0.0	85.20191649555099	1.0	0.34337142701047285	0.38679707903598093
Mathys	TLP005879	2.0	1.0	87.94798083504449	0.0	0.3624029290202504	0.39483256401346967
Mathys	TLP005891	0.0	1.0	87.50992470910336	0.0	0.5206882761901354	0.44419597292762636
Mathys	TLP005912	3.0	0.0	90.73032169746747	0.0	0.41156344943904866	0.39375772986985735
Mathys	TLP005918	0.0	0.0	81.8590006844627	0.0	0.48153658230108515	0.4424879504873058
Mathys	TLP005925	1.0	0.0	84.73100616016427	0.0	0.5678787042289727	0.5442167871839767
Mathys	TLP005935	0.0	0.0	90.22245037645447	0.0	0.4316124409414131	0.4382210462908478
Mathys	TLP005942	0.0	0.0	89.05133470225871	0.0	0.4465238996155163	0.39437966349934517
Mathys	TLP005943	2.0	0.0	96.02737850787132	1.0	0.24980212205503471	0.2803707971214675
Mathys	TLP005946	0.0	0.0	95.62765229295005	1.0	0.45574999654537734	0.45375138581529584
Mathys	TLP005952	0.0	0.0	88.27652292950035	0.0	0.45436956338992796	0.4733884229646744
